imageA,imageB,flow_dir,flip,category
TSS_CVPR2016/FG3DCar/001_005/image2.png,TSS_CVPR2016/FG3DCar/001_005/image1.png,1,0,1
TSS_CVPR2016/FG3DCar/001_005/image1.png,TSS_CVPR2016/FG3DCar/001_005/image2.png,2,0,1
TSS_CVPR2016/FG3DCar/001_021/image2.png,TSS_CVPR2016/FG3DCar/001_021/image1.png,1,0,1
TSS_CVPR2016/FG3DCar/001_021/image1.png,TSS_CVPR2016/FG3DCar/001_021/image2.png,2,0,1
TSS_CVPR2016/FG3DCar/001_075/image2.png,TSS_CVPR2016/FG3DCar/001_075/image1.png,1,0,1
TSS_CVPR2016/FG3DCar/001_075/image1.png,TSS_CVPR2016/FG3DCar/001_075/image2.png,2,0,1
TSS_CVPR2016/FG3DCar/001_080/image2.png,TSS_CVPR2016/FG3DCar/001_080/image1.png,1,0,1
TSS_CVPR2016/FG3DCar/001_080/image1.png,TSS_CVPR2016/FG3DCar/001_080/image2.png,2,0,1
TSS_CVPR2016/FG3DCar/001_143/image2.png,TSS_CVPR2016/FG3DCar/001_143/image1.png,1,0,1
TSS_CVPR2016/FG3DCar/001_143/image1.png,TSS_CVPR2016/FG3DCar/001_143/image2.png,2,0,1
TSS_CVPR2016/FG3DCar/001_178/image2.png,TSS_CVPR2016/FG3DCar/001_178/image1.png,1,0,1
TSS_CVPR2016/FG3DCar/001_178/image1.png,TSS_CVPR2016/FG3DCar/001_178/image2.png,2,0,1
TSS_CVPR2016/FG3DCar/002_003/image2.png,TSS_CVPR2016/FG3DCar/002_003/image1.png,1,0,1
TSS_CVPR2016/FG3DCar/002_003/image1.png,TSS_CVPR2016/FG3DCar/002_003/image2.png,2,0,1
TSS_CVPR2016/FG3DCar/007_029/image2.png,TSS_CVPR2016/FG3DCar/007_029/image1.png,1,0,1
TSS_CVPR2016/FG3DCar/007_029/image1.png,TSS_CVPR2016/FG3DCar/007_029/image2.png,2,0,1
TSS_CVPR2016/FG3DCar/014_015/image2.png,TSS_CVPR2016/FG3DCar/014_015/image1.png,1,0,1
TSS_CVPR2016/FG3DCar/014_015/image1.png,TSS_CVPR2016/FG3DCar/014_015/image2.png,2,0,1
TSS_CVPR2016/FG3DCar/019_021/image2.png,TSS_CVPR2016/FG3DCar/019_021/image1.png,1,0,1
TSS_CVPR2016/FG3DCar/019_021/image1.png,TSS_CVPR2016/FG3DCar/019_021/image2.png,2,0,1
TSS_CVPR2016/FG3DCar/019_040/image2.png,TSS_CVPR2016/FG3DCar/019_040/image1.png,1,0,1
TSS_CVPR2016/FG3DCar/019_040/image1.png,TSS_CVPR2016/FG3DCar/019_040/image2.png,2,0,1
TSS_CVPR2016/FG3DCar/019_129/image2.png,TSS_CVPR2016/FG3DCar/019_129/image1.png,1,0,1
TSS_CVPR2016/FG3DCar/019_129/image1.png,TSS_CVPR2016/FG3DCar/019_129/image2.png,2,0,1
TSS_CVPR2016/FG3DCar/019_143/image2.png,TSS_CVPR2016/FG3DCar/019_143/image1.png,1,0,1
TSS_CVPR2016/FG3DCar/019_143/image1.png,TSS_CVPR2016/FG3DCar/019_143/image2.png,2,0,1
TSS_CVPR2016/FG3DCar/019_178/image2.png,TSS_CVPR2016/FG3DCar/019_178/image1.png,1,0,1
TSS_CVPR2016/FG3DCar/019_178/image1.png,TSS_CVPR2016/FG3DCar/019_178/image2.png,2,0,1
TSS_CVPR2016/FG3DCar/019_196/image2.png,TSS_CVPR2016/FG3DCar/019_196/image1.png,1,0,1
TSS_CVPR2016/FG3DCar/019_196/image1.png,TSS_CVPR2016/FG3DCar/019_196/image2.png,2,0,1
TSS_CVPR2016/FG3DCar/019_206/image2.png,TSS_CVPR2016/FG3DCar/019_206/image1.png,1,0,1
TSS_CVPR2016/FG3DCar/019_206/image1.png,TSS_CVPR2016/FG3DCar/019_206/image2.png,2,0,1
TSS_CVPR2016/FG3DCar/019_281/image2.png,TSS_CVPR2016/FG3DCar/019_281/image1.png,1,0,1
TSS_CVPR2016/FG3DCar/019_281/image1.png,TSS_CVPR2016/FG3DCar/019_281/image2.png,2,0,1
TSS_CVPR2016/FG3DCar/019_288/image2.png,TSS_CVPR2016/FG3DCar/019_288/image1.png,1,0,1
TSS_CVPR2016/FG3DCar/019_288/image1.png,TSS_CVPR2016/FG3DCar/019_288/image2.png,2,0,1
TSS_CVPR2016/FG3DCar/021_037/image2.png,TSS_CVPR2016/FG3DCar/021_037/image1.png,1,0,1
TSS_CVPR2016/FG3DCar/021_037/image1.png,TSS_CVPR2016/FG3DCar/021_037/image2.png,2,0,1
TSS_CVPR2016/FG3DCar/021_038/image2.png,TSS_CVPR2016/FG3DCar/021_038/image1.png,1,0,1
TSS_CVPR2016/FG3DCar/021_038/image1.png,TSS_CVPR2016/FG3DCar/021_038/image2.png,2,0,1
TSS_CVPR2016/FG3DCar/021_040/image2.png,TSS_CVPR2016/FG3DCar/021_040/image1.png,1,0,1
TSS_CVPR2016/FG3DCar/021_040/image1.png,TSS_CVPR2016/FG3DCar/021_040/image2.png,2,0,1
TSS_CVPR2016/FG3DCar/021_143/image2.png,TSS_CVPR2016/FG3DCar/021_143/image1.png,1,0,1
TSS_CVPR2016/FG3DCar/021_143/image1.png,TSS_CVPR2016/FG3DCar/021_143/image2.png,2,0,1
TSS_CVPR2016/FG3DCar/021_145/image2.png,TSS_CVPR2016/FG3DCar/021_145/image1.png,1,0,1
TSS_CVPR2016/FG3DCar/021_145/image1.png,TSS_CVPR2016/FG3DCar/021_145/image2.png,2,0,1
TSS_CVPR2016/FG3DCar/021_149/image2.png,TSS_CVPR2016/FG3DCar/021_149/image1.png,1,0,1
TSS_CVPR2016/FG3DCar/021_149/image1.png,TSS_CVPR2016/FG3DCar/021_149/image2.png,2,0,1
TSS_CVPR2016/FG3DCar/021_178/image2.png,TSS_CVPR2016/FG3DCar/021_178/image1.png,1,0,1
TSS_CVPR2016/FG3DCar/021_178/image1.png,TSS_CVPR2016/FG3DCar/021_178/image2.png,2,0,1
TSS_CVPR2016/FG3DCar/031_199/image2.png,TSS_CVPR2016/FG3DCar/031_199/image1.png,1,0,1
TSS_CVPR2016/FG3DCar/031_199/image1.png,TSS_CVPR2016/FG3DCar/031_199/image2.png,2,0,1
TSS_CVPR2016/FG3DCar/032_199/image2.png,TSS_CVPR2016/FG3DCar/032_199/image1.png,1,0,1
TSS_CVPR2016/FG3DCar/032_199/image1.png,TSS_CVPR2016/FG3DCar/032_199/image2.png,2,0,1
TSS_CVPR2016/FG3DCar/033_034/image2.png,TSS_CVPR2016/FG3DCar/033_034/image1.png,1,0,1
TSS_CVPR2016/FG3DCar/033_034/image1.png,TSS_CVPR2016/FG3DCar/033_034/image2.png,2,0,1
TSS_CVPR2016/FG3DCar/034_035/image2.png,TSS_CVPR2016/FG3DCar/034_035/image1.png,1,0,1
TSS_CVPR2016/FG3DCar/034_035/image1.png,TSS_CVPR2016/FG3DCar/034_035/image2.png,2,0,1
TSS_CVPR2016/FG3DCar/037_038/image2.png,TSS_CVPR2016/FG3DCar/037_038/image1.png,1,0,1
TSS_CVPR2016/FG3DCar/037_038/image1.png,TSS_CVPR2016/FG3DCar/037_038/image2.png,2,0,1
TSS_CVPR2016/FG3DCar/040_288/image2.png,TSS_CVPR2016/FG3DCar/040_288/image1.png,1,0,1
TSS_CVPR2016/FG3DCar/040_288/image1.png,TSS_CVPR2016/FG3DCar/040_288/image2.png,2,0,1
TSS_CVPR2016/FG3DCar/063_300/image2.png,TSS_CVPR2016/FG3DCar/063_300/image1.png,1,0,1
TSS_CVPR2016/FG3DCar/063_300/image1.png,TSS_CVPR2016/FG3DCar/063_300/image2.png,2,0,1
TSS_CVPR2016/FG3DCar/065_129/image2.png,TSS_CVPR2016/FG3DCar/065_129/image1.png,1,0,1
TSS_CVPR2016/FG3DCar/065_129/image1.png,TSS_CVPR2016/FG3DCar/065_129/image2.png,2,0,1
TSS_CVPR2016/FG3DCar/066_070/image2.png,TSS_CVPR2016/FG3DCar/066_070/image1.png,1,0,1
TSS_CVPR2016/FG3DCar/066_070/image1.png,TSS_CVPR2016/FG3DCar/066_070/image2.png,2,0,1
TSS_CVPR2016/FG3DCar/075_021/image2.png,TSS_CVPR2016/FG3DCar/075_021/image1.png,1,0,1
TSS_CVPR2016/FG3DCar/075_021/image1.png,TSS_CVPR2016/FG3DCar/075_021/image2.png,2,0,1
TSS_CVPR2016/FG3DCar/075_143/image2.png,TSS_CVPR2016/FG3DCar/075_143/image1.png,1,0,1
TSS_CVPR2016/FG3DCar/075_143/image1.png,TSS_CVPR2016/FG3DCar/075_143/image2.png,2,0,1
TSS_CVPR2016/FG3DCar/076_299/image2.png,TSS_CVPR2016/FG3DCar/076_299/image1.png,1,0,1
TSS_CVPR2016/FG3DCar/076_299/image1.png,TSS_CVPR2016/FG3DCar/076_299/image2.png,2,0,1
TSS_CVPR2016/FG3DCar/078_099/image2.png,TSS_CVPR2016/FG3DCar/078_099/image1.png,1,0,1
TSS_CVPR2016/FG3DCar/078_099/image1.png,TSS_CVPR2016/FG3DCar/078_099/image2.png,2,0,1
TSS_CVPR2016/FG3DCar/080_143/image2.png,TSS_CVPR2016/FG3DCar/080_143/image1.png,1,0,1
TSS_CVPR2016/FG3DCar/080_143/image1.png,TSS_CVPR2016/FG3DCar/080_143/image2.png,2,0,1
TSS_CVPR2016/FG3DCar/085_282/image2.png,TSS_CVPR2016/FG3DCar/085_282/image1.png,1,0,1
TSS_CVPR2016/FG3DCar/085_282/image1.png,TSS_CVPR2016/FG3DCar/085_282/image2.png,2,0,1
TSS_CVPR2016/FG3DCar/085_285/image2.png,TSS_CVPR2016/FG3DCar/085_285/image1.png,1,0,1
TSS_CVPR2016/FG3DCar/085_285/image1.png,TSS_CVPR2016/FG3DCar/085_285/image2.png,2,0,1
TSS_CVPR2016/FG3DCar/085_286/image2.png,TSS_CVPR2016/FG3DCar/085_286/image1.png,1,0,1
TSS_CVPR2016/FG3DCar/085_286/image1.png,TSS_CVPR2016/FG3DCar/085_286/image2.png,2,0,1
TSS_CVPR2016/FG3DCar/085_297/image2.png,TSS_CVPR2016/FG3DCar/085_297/image1.png,1,0,1
TSS_CVPR2016/FG3DCar/085_297/image1.png,TSS_CVPR2016/FG3DCar/085_297/image2.png,2,0,1
TSS_CVPR2016/FG3DCar/086_087/image2.png,TSS_CVPR2016/FG3DCar/086_087/image1.png,1,0,1
TSS_CVPR2016/FG3DCar/086_087/image1.png,TSS_CVPR2016/FG3DCar/086_087/image2.png,2,0,1
TSS_CVPR2016/FG3DCar/090_136/image2.png,TSS_CVPR2016/FG3DCar/090_136/image1.png,1,0,1
TSS_CVPR2016/FG3DCar/090_136/image1.png,TSS_CVPR2016/FG3DCar/090_136/image2.png,2,0,1
TSS_CVPR2016/FG3DCar/090_151/image2.png,TSS_CVPR2016/FG3DCar/090_151/image1.png,1,0,1
TSS_CVPR2016/FG3DCar/090_151/image1.png,TSS_CVPR2016/FG3DCar/090_151/image2.png,2,0,1
TSS_CVPR2016/FG3DCar/090_282/image2.png,TSS_CVPR2016/FG3DCar/090_282/image1.png,1,0,1
TSS_CVPR2016/FG3DCar/090_282/image1.png,TSS_CVPR2016/FG3DCar/090_282/image2.png,2,0,1
TSS_CVPR2016/FG3DCar/090_285/image2.png,TSS_CVPR2016/FG3DCar/090_285/image1.png,1,0,1
TSS_CVPR2016/FG3DCar/090_285/image1.png,TSS_CVPR2016/FG3DCar/090_285/image2.png,2,0,1
TSS_CVPR2016/FG3DCar/090_286/image2.png,TSS_CVPR2016/FG3DCar/090_286/image1.png,1,0,1
TSS_CVPR2016/FG3DCar/090_286/image1.png,TSS_CVPR2016/FG3DCar/090_286/image2.png,2,0,1
TSS_CVPR2016/FG3DCar/090_297/image2.png,TSS_CVPR2016/FG3DCar/090_297/image1.png,1,0,1
TSS_CVPR2016/FG3DCar/090_297/image1.png,TSS_CVPR2016/FG3DCar/090_297/image2.png,2,0,1
TSS_CVPR2016/FG3DCar/094_100/image2.png,TSS_CVPR2016/FG3DCar/094_100/image1.png,1,0,1
TSS_CVPR2016/FG3DCar/094_100/image1.png,TSS_CVPR2016/FG3DCar/094_100/image2.png,2,0,1
TSS_CVPR2016/FG3DCar/099_102/image2.png,TSS_CVPR2016/FG3DCar/099_102/image1.png,1,0,1
TSS_CVPR2016/FG3DCar/099_102/image1.png,TSS_CVPR2016/FG3DCar/099_102/image2.png,2,0,1
TSS_CVPR2016/FG3DCar/103_106/image2.png,TSS_CVPR2016/FG3DCar/103_106/image1.png,1,0,1
TSS_CVPR2016/FG3DCar/103_106/image1.png,TSS_CVPR2016/FG3DCar/103_106/image2.png,2,0,1
TSS_CVPR2016/FG3DCar/104_105/image2.png,TSS_CVPR2016/FG3DCar/104_105/image1.png,1,0,1
TSS_CVPR2016/FG3DCar/104_105/image1.png,TSS_CVPR2016/FG3DCar/104_105/image2.png,2,0,1
TSS_CVPR2016/FG3DCar/113_004/image2.png,TSS_CVPR2016/FG3DCar/113_004/image1.png,1,0,1
TSS_CVPR2016/FG3DCar/113_004/image1.png,TSS_CVPR2016/FG3DCar/113_004/image2.png,2,0,1
TSS_CVPR2016/FG3DCar/116_120/image2.png,TSS_CVPR2016/FG3DCar/116_120/image1.png,1,0,1
TSS_CVPR2016/FG3DCar/116_120/image1.png,TSS_CVPR2016/FG3DCar/116_120/image2.png,2,0,1
TSS_CVPR2016/FG3DCar/129_037/image2.png,TSS_CVPR2016/FG3DCar/129_037/image1.png,1,0,1
TSS_CVPR2016/FG3DCar/129_037/image1.png,TSS_CVPR2016/FG3DCar/129_037/image2.png,2,0,1
TSS_CVPR2016/FG3DCar/129_039/image2.png,TSS_CVPR2016/FG3DCar/129_039/image1.png,1,0,1
TSS_CVPR2016/FG3DCar/129_039/image1.png,TSS_CVPR2016/FG3DCar/129_039/image2.png,2,0,1
TSS_CVPR2016/FG3DCar/129_040/image2.png,TSS_CVPR2016/FG3DCar/129_040/image1.png,1,0,1
TSS_CVPR2016/FG3DCar/129_040/image1.png,TSS_CVPR2016/FG3DCar/129_040/image2.png,2,0,1
TSS_CVPR2016/FG3DCar/129_192/image2.png,TSS_CVPR2016/FG3DCar/129_192/image1.png,1,0,1
TSS_CVPR2016/FG3DCar/129_192/image1.png,TSS_CVPR2016/FG3DCar/129_192/image2.png,2,0,1
TSS_CVPR2016/FG3DCar/129_196/image2.png,TSS_CVPR2016/FG3DCar/129_196/image1.png,1,0,1
TSS_CVPR2016/FG3DCar/129_196/image1.png,TSS_CVPR2016/FG3DCar/129_196/image2.png,2,0,1
TSS_CVPR2016/FG3DCar/130_189/image2.png,TSS_CVPR2016/FG3DCar/130_189/image1.png,1,0,1
TSS_CVPR2016/FG3DCar/130_189/image1.png,TSS_CVPR2016/FG3DCar/130_189/image2.png,2,0,1
TSS_CVPR2016/FG3DCar/130_285/image2.png,TSS_CVPR2016/FG3DCar/130_285/image1.png,1,0,1
TSS_CVPR2016/FG3DCar/130_285/image1.png,TSS_CVPR2016/FG3DCar/130_285/image2.png,2,0,1
TSS_CVPR2016/FG3DCar/131_061/image2.png,TSS_CVPR2016/FG3DCar/131_061/image1.png,1,0,1
TSS_CVPR2016/FG3DCar/131_061/image1.png,TSS_CVPR2016/FG3DCar/131_061/image2.png,2,0,1
TSS_CVPR2016/FG3DCar/131_070/image2.png,TSS_CVPR2016/FG3DCar/131_070/image1.png,1,0,1
TSS_CVPR2016/FG3DCar/131_070/image1.png,TSS_CVPR2016/FG3DCar/131_070/image2.png,2,0,1
TSS_CVPR2016/FG3DCar/131_144/image2.png,TSS_CVPR2016/FG3DCar/131_144/image1.png,1,0,1
TSS_CVPR2016/FG3DCar/131_144/image1.png,TSS_CVPR2016/FG3DCar/131_144/image2.png,2,0,1
TSS_CVPR2016/FG3DCar/134_065/image2.png,TSS_CVPR2016/FG3DCar/134_065/image1.png,1,0,1
TSS_CVPR2016/FG3DCar/134_065/image1.png,TSS_CVPR2016/FG3DCar/134_065/image2.png,2,0,1
TSS_CVPR2016/FG3DCar/134_129/image2.png,TSS_CVPR2016/FG3DCar/134_129/image1.png,1,0,1
TSS_CVPR2016/FG3DCar/134_129/image1.png,TSS_CVPR2016/FG3DCar/134_129/image2.png,2,0,1
TSS_CVPR2016/FG3DCar/136_061/image2.png,TSS_CVPR2016/FG3DCar/136_061/image1.png,1,0,1
TSS_CVPR2016/FG3DCar/136_061/image1.png,TSS_CVPR2016/FG3DCar/136_061/image2.png,2,0,1
TSS_CVPR2016/FG3DCar/136_070/image2.png,TSS_CVPR2016/FG3DCar/136_070/image1.png,1,0,1
TSS_CVPR2016/FG3DCar/136_070/image1.png,TSS_CVPR2016/FG3DCar/136_070/image2.png,2,0,1
TSS_CVPR2016/FG3DCar/136_085/image2.png,TSS_CVPR2016/FG3DCar/136_085/image1.png,1,0,1
TSS_CVPR2016/FG3DCar/136_085/image1.png,TSS_CVPR2016/FG3DCar/136_085/image2.png,2,0,1
TSS_CVPR2016/FG3DCar/136_151/image2.png,TSS_CVPR2016/FG3DCar/136_151/image1.png,1,0,1
TSS_CVPR2016/FG3DCar/136_151/image1.png,TSS_CVPR2016/FG3DCar/136_151/image2.png,2,0,1
TSS_CVPR2016/FG3DCar/140_128/image2.png,TSS_CVPR2016/FG3DCar/140_128/image1.png,1,0,1
TSS_CVPR2016/FG3DCar/140_128/image1.png,TSS_CVPR2016/FG3DCar/140_128/image2.png,2,0,1
TSS_CVPR2016/FG3DCar/140_141/image2.png,TSS_CVPR2016/FG3DCar/140_141/image1.png,1,0,1
TSS_CVPR2016/FG3DCar/140_141/image1.png,TSS_CVPR2016/FG3DCar/140_141/image2.png,2,0,1
TSS_CVPR2016/FG3DCar/140_162/image2.png,TSS_CVPR2016/FG3DCar/140_162/image1.png,1,0,1
TSS_CVPR2016/FG3DCar/140_162/image1.png,TSS_CVPR2016/FG3DCar/140_162/image2.png,2,0,1
TSS_CVPR2016/FG3DCar/140_169/image2.png,TSS_CVPR2016/FG3DCar/140_169/image1.png,1,0,1
TSS_CVPR2016/FG3DCar/140_169/image1.png,TSS_CVPR2016/FG3DCar/140_169/image2.png,2,0,1
TSS_CVPR2016/FG3DCar/140_181/image2.png,TSS_CVPR2016/FG3DCar/140_181/image1.png,1,0,1
TSS_CVPR2016/FG3DCar/140_181/image1.png,TSS_CVPR2016/FG3DCar/140_181/image2.png,2,0,1
TSS_CVPR2016/FG3DCar/140_281/image2.png,TSS_CVPR2016/FG3DCar/140_281/image1.png,1,0,1
TSS_CVPR2016/FG3DCar/140_281/image1.png,TSS_CVPR2016/FG3DCar/140_281/image2.png,2,0,1
TSS_CVPR2016/FG3DCar/140_289/image2.png,TSS_CVPR2016/FG3DCar/140_289/image1.png,1,0,1
TSS_CVPR2016/FG3DCar/140_289/image1.png,TSS_CVPR2016/FG3DCar/140_289/image2.png,2,0,1
TSS_CVPR2016/FG3DCar/143_037/image2.png,TSS_CVPR2016/FG3DCar/143_037/image1.png,1,0,1
TSS_CVPR2016/FG3DCar/143_037/image1.png,TSS_CVPR2016/FG3DCar/143_037/image2.png,2,0,1
TSS_CVPR2016/FG3DCar/143_038/image2.png,TSS_CVPR2016/FG3DCar/143_038/image1.png,1,0,1
TSS_CVPR2016/FG3DCar/143_038/image1.png,TSS_CVPR2016/FG3DCar/143_038/image2.png,2,0,1
TSS_CVPR2016/FG3DCar/143_040/image2.png,TSS_CVPR2016/FG3DCar/143_040/image1.png,1,0,1
TSS_CVPR2016/FG3DCar/143_040/image1.png,TSS_CVPR2016/FG3DCar/143_040/image2.png,2,0,1
TSS_CVPR2016/FG3DCar/145_037/image2.png,TSS_CVPR2016/FG3DCar/145_037/image1.png,1,0,1
TSS_CVPR2016/FG3DCar/145_037/image1.png,TSS_CVPR2016/FG3DCar/145_037/image2.png,2,0,1
TSS_CVPR2016/FG3DCar/145_038/image2.png,TSS_CVPR2016/FG3DCar/145_038/image1.png,1,0,1
TSS_CVPR2016/FG3DCar/145_038/image1.png,TSS_CVPR2016/FG3DCar/145_038/image2.png,2,0,1
TSS_CVPR2016/FG3DCar/145_040/image2.png,TSS_CVPR2016/FG3DCar/145_040/image1.png,1,0,1
TSS_CVPR2016/FG3DCar/145_040/image1.png,TSS_CVPR2016/FG3DCar/145_040/image2.png,2,0,1
TSS_CVPR2016/FG3DCar/147_148/image2.png,TSS_CVPR2016/FG3DCar/147_148/image1.png,1,0,1
TSS_CVPR2016/FG3DCar/147_148/image1.png,TSS_CVPR2016/FG3DCar/147_148/image2.png,2,0,1
TSS_CVPR2016/FG3DCar/150_004/image2.png,TSS_CVPR2016/FG3DCar/150_004/image1.png,1,0,1
TSS_CVPR2016/FG3DCar/150_004/image1.png,TSS_CVPR2016/FG3DCar/150_004/image2.png,2,0,1
TSS_CVPR2016/FG3DCar/150_113/image2.png,TSS_CVPR2016/FG3DCar/150_113/image1.png,1,0,1
TSS_CVPR2016/FG3DCar/150_113/image1.png,TSS_CVPR2016/FG3DCar/150_113/image2.png,2,0,1
TSS_CVPR2016/FG3DCar/151_085/image2.png,TSS_CVPR2016/FG3DCar/151_085/image1.png,1,0,1
TSS_CVPR2016/FG3DCar/151_085/image1.png,TSS_CVPR2016/FG3DCar/151_085/image2.png,2,0,1
TSS_CVPR2016/FG3DCar/151_286/image2.png,TSS_CVPR2016/FG3DCar/151_286/image1.png,1,0,1
TSS_CVPR2016/FG3DCar/151_286/image1.png,TSS_CVPR2016/FG3DCar/151_286/image2.png,2,0,1
TSS_CVPR2016/FG3DCar/151_297/image2.png,TSS_CVPR2016/FG3DCar/151_297/image1.png,1,0,1
TSS_CVPR2016/FG3DCar/151_297/image1.png,TSS_CVPR2016/FG3DCar/151_297/image2.png,2,0,1
TSS_CVPR2016/FG3DCar/162_087/image2.png,TSS_CVPR2016/FG3DCar/162_087/image1.png,1,0,1
TSS_CVPR2016/FG3DCar/162_087/image1.png,TSS_CVPR2016/FG3DCar/162_087/image2.png,2,0,1
TSS_CVPR2016/FG3DCar/162_181/image2.png,TSS_CVPR2016/FG3DCar/162_181/image1.png,1,0,1
TSS_CVPR2016/FG3DCar/162_181/image1.png,TSS_CVPR2016/FG3DCar/162_181/image2.png,2,0,1
TSS_CVPR2016/FG3DCar/163_189/image2.png,TSS_CVPR2016/FG3DCar/163_189/image1.png,1,0,1
TSS_CVPR2016/FG3DCar/163_189/image1.png,TSS_CVPR2016/FG3DCar/163_189/image2.png,2,0,1
TSS_CVPR2016/FG3DCar/165_189/image2.png,TSS_CVPR2016/FG3DCar/165_189/image1.png,1,0,1
TSS_CVPR2016/FG3DCar/165_189/image1.png,TSS_CVPR2016/FG3DCar/165_189/image2.png,2,0,1
TSS_CVPR2016/FG3DCar/169_087/image2.png,TSS_CVPR2016/FG3DCar/169_087/image1.png,1,0,1
TSS_CVPR2016/FG3DCar/169_087/image1.png,TSS_CVPR2016/FG3DCar/169_087/image2.png,2,0,1
TSS_CVPR2016/FG3DCar/169_178/image2.png,TSS_CVPR2016/FG3DCar/169_178/image1.png,1,0,1
TSS_CVPR2016/FG3DCar/169_178/image1.png,TSS_CVPR2016/FG3DCar/169_178/image2.png,2,0,1
TSS_CVPR2016/FG3DCar/169_187/image2.png,TSS_CVPR2016/FG3DCar/169_187/image1.png,1,0,1
TSS_CVPR2016/FG3DCar/169_187/image1.png,TSS_CVPR2016/FG3DCar/169_187/image2.png,2,0,1
TSS_CVPR2016/FG3DCar/174_069/image2.png,TSS_CVPR2016/FG3DCar/174_069/image1.png,1,0,1
TSS_CVPR2016/FG3DCar/174_069/image1.png,TSS_CVPR2016/FG3DCar/174_069/image2.png,2,0,1
TSS_CVPR2016/FG3DCar/174_145/image2.png,TSS_CVPR2016/FG3DCar/174_145/image1.png,1,0,1
TSS_CVPR2016/FG3DCar/174_145/image1.png,TSS_CVPR2016/FG3DCar/174_145/image2.png,2,0,1
TSS_CVPR2016/FG3DCar/174_192/image2.png,TSS_CVPR2016/FG3DCar/174_192/image1.png,1,0,1
TSS_CVPR2016/FG3DCar/174_192/image1.png,TSS_CVPR2016/FG3DCar/174_192/image2.png,2,0,1
TSS_CVPR2016/FG3DCar/178_037/image2.png,TSS_CVPR2016/FG3DCar/178_037/image1.png,1,0,1
TSS_CVPR2016/FG3DCar/178_037/image1.png,TSS_CVPR2016/FG3DCar/178_037/image2.png,2,0,1
TSS_CVPR2016/FG3DCar/178_038/image2.png,TSS_CVPR2016/FG3DCar/178_038/image1.png,1,0,1
TSS_CVPR2016/FG3DCar/178_038/image1.png,TSS_CVPR2016/FG3DCar/178_038/image2.png,2,0,1
TSS_CVPR2016/FG3DCar/178_040/image2.png,TSS_CVPR2016/FG3DCar/178_040/image1.png,1,0,1
TSS_CVPR2016/FG3DCar/178_040/image1.png,TSS_CVPR2016/FG3DCar/178_040/image2.png,2,0,1
TSS_CVPR2016/FG3DCar/178_075/image2.png,TSS_CVPR2016/FG3DCar/178_075/image1.png,1,0,1
TSS_CVPR2016/FG3DCar/178_075/image1.png,TSS_CVPR2016/FG3DCar/178_075/image2.png,2,0,1
TSS_CVPR2016/FG3DCar/178_080/image2.png,TSS_CVPR2016/FG3DCar/178_080/image1.png,1,0,1
TSS_CVPR2016/FG3DCar/178_080/image1.png,TSS_CVPR2016/FG3DCar/178_080/image2.png,2,0,1
TSS_CVPR2016/FG3DCar/178_143/image2.png,TSS_CVPR2016/FG3DCar/178_143/image1.png,1,0,1
TSS_CVPR2016/FG3DCar/178_143/image1.png,TSS_CVPR2016/FG3DCar/178_143/image2.png,2,0,1
TSS_CVPR2016/FG3DCar/188_085/image2.png,TSS_CVPR2016/FG3DCar/188_085/image1.png,1,0,1
TSS_CVPR2016/FG3DCar/188_085/image1.png,TSS_CVPR2016/FG3DCar/188_085/image2.png,2,0,1
TSS_CVPR2016/FG3DCar/188_090/image2.png,TSS_CVPR2016/FG3DCar/188_090/image1.png,1,0,1
TSS_CVPR2016/FG3DCar/188_090/image1.png,TSS_CVPR2016/FG3DCar/188_090/image2.png,2,0,1
TSS_CVPR2016/FG3DCar/192_021/image2.png,TSS_CVPR2016/FG3DCar/192_021/image1.png,1,0,1
TSS_CVPR2016/FG3DCar/192_021/image1.png,TSS_CVPR2016/FG3DCar/192_021/image2.png,2,0,1
TSS_CVPR2016/FG3DCar/192_037/image2.png,TSS_CVPR2016/FG3DCar/192_037/image1.png,1,0,1
TSS_CVPR2016/FG3DCar/192_037/image1.png,TSS_CVPR2016/FG3DCar/192_037/image2.png,2,0,1
TSS_CVPR2016/FG3DCar/192_039/image2.png,TSS_CVPR2016/FG3DCar/192_039/image1.png,1,0,1
TSS_CVPR2016/FG3DCar/192_039/image1.png,TSS_CVPR2016/FG3DCar/192_039/image2.png,2,0,1
TSS_CVPR2016/FG3DCar/192_200/image2.png,TSS_CVPR2016/FG3DCar/192_200/image1.png,1,0,1
TSS_CVPR2016/FG3DCar/192_200/image1.png,TSS_CVPR2016/FG3DCar/192_200/image2.png,2,0,1
TSS_CVPR2016/FG3DCar/196_021/image2.png,TSS_CVPR2016/FG3DCar/196_021/image1.png,1,0,1
TSS_CVPR2016/FG3DCar/196_021/image1.png,TSS_CVPR2016/FG3DCar/196_021/image2.png,2,0,1
TSS_CVPR2016/FG3DCar/196_037/image2.png,TSS_CVPR2016/FG3DCar/196_037/image1.png,1,0,1
TSS_CVPR2016/FG3DCar/196_037/image1.png,TSS_CVPR2016/FG3DCar/196_037/image2.png,2,0,1
TSS_CVPR2016/FG3DCar/196_039/image2.png,TSS_CVPR2016/FG3DCar/196_039/image1.png,1,0,1
TSS_CVPR2016/FG3DCar/196_039/image1.png,TSS_CVPR2016/FG3DCar/196_039/image2.png,2,0,1
TSS_CVPR2016/FG3DCar/196_040/image2.png,TSS_CVPR2016/FG3DCar/196_040/image1.png,1,0,1
TSS_CVPR2016/FG3DCar/196_040/image1.png,TSS_CVPR2016/FG3DCar/196_040/image2.png,2,0,1
TSS_CVPR2016/FG3DCar/196_145/image2.png,TSS_CVPR2016/FG3DCar/196_145/image1.png,1,0,1
TSS_CVPR2016/FG3DCar/196_145/image1.png,TSS_CVPR2016/FG3DCar/196_145/image2.png,2,0,1
TSS_CVPR2016/FG3DCar/196_179/image2.png,TSS_CVPR2016/FG3DCar/196_179/image1.png,1,0,1
TSS_CVPR2016/FG3DCar/196_179/image1.png,TSS_CVPR2016/FG3DCar/196_179/image2.png,2,0,1
TSS_CVPR2016/FG3DCar/197_198/image2.png,TSS_CVPR2016/FG3DCar/197_198/image1.png,1,0,1
TSS_CVPR2016/FG3DCar/197_198/image1.png,TSS_CVPR2016/FG3DCar/197_198/image2.png,2,0,1
TSS_CVPR2016/FG3DCar/206_004/image2.png,TSS_CVPR2016/FG3DCar/206_004/image1.png,1,1,1
TSS_CVPR2016/FG3DCar/206_004/image1.png,TSS_CVPR2016/FG3DCar/206_004/image2.png,2,1,1
TSS_CVPR2016/FG3DCar/206_039/image2.png,TSS_CVPR2016/FG3DCar/206_039/image1.png,1,0,1
TSS_CVPR2016/FG3DCar/206_039/image1.png,TSS_CVPR2016/FG3DCar/206_039/image2.png,2,0,1
TSS_CVPR2016/FG3DCar/206_040/image2.png,TSS_CVPR2016/FG3DCar/206_040/image1.png,1,0,1
TSS_CVPR2016/FG3DCar/206_040/image1.png,TSS_CVPR2016/FG3DCar/206_040/image2.png,2,0,1
TSS_CVPR2016/FG3DCar/206_192/image2.png,TSS_CVPR2016/FG3DCar/206_192/image1.png,1,0,1
TSS_CVPR2016/FG3DCar/206_192/image1.png,TSS_CVPR2016/FG3DCar/206_192/image2.png,2,0,1
TSS_CVPR2016/FG3DCar/206_196/image2.png,TSS_CVPR2016/FG3DCar/206_196/image1.png,1,0,1
TSS_CVPR2016/FG3DCar/206_196/image1.png,TSS_CVPR2016/FG3DCar/206_196/image2.png,2,0,1
TSS_CVPR2016/FG3DCar/206_207/image2.png,TSS_CVPR2016/FG3DCar/206_207/image1.png,1,0,1
TSS_CVPR2016/FG3DCar/206_207/image1.png,TSS_CVPR2016/FG3DCar/206_207/image2.png,2,0,1
TSS_CVPR2016/FG3DCar/215_225/image2.png,TSS_CVPR2016/FG3DCar/215_225/image1.png,1,0,1
TSS_CVPR2016/FG3DCar/215_225/image1.png,TSS_CVPR2016/FG3DCar/215_225/image2.png,2,0,1
TSS_CVPR2016/FG3DCar/216_061/image2.png,TSS_CVPR2016/FG3DCar/216_061/image1.png,1,0,1
TSS_CVPR2016/FG3DCar/216_061/image1.png,TSS_CVPR2016/FG3DCar/216_061/image2.png,2,0,1
TSS_CVPR2016/FG3DCar/216_148/image2.png,TSS_CVPR2016/FG3DCar/216_148/image1.png,1,0,1
TSS_CVPR2016/FG3DCar/216_148/image1.png,TSS_CVPR2016/FG3DCar/216_148/image2.png,2,0,1
TSS_CVPR2016/FG3DCar/220_239/image2.png,TSS_CVPR2016/FG3DCar/220_239/image1.png,1,0,1
TSS_CVPR2016/FG3DCar/220_239/image1.png,TSS_CVPR2016/FG3DCar/220_239/image2.png,2,0,1
TSS_CVPR2016/FG3DCar/220_241/image2.png,TSS_CVPR2016/FG3DCar/220_241/image1.png,1,0,1
TSS_CVPR2016/FG3DCar/220_241/image1.png,TSS_CVPR2016/FG3DCar/220_241/image2.png,2,0,1
TSS_CVPR2016/FG3DCar/223_230/image2.png,TSS_CVPR2016/FG3DCar/223_230/image1.png,1,0,1
TSS_CVPR2016/FG3DCar/223_230/image1.png,TSS_CVPR2016/FG3DCar/223_230/image2.png,2,0,1
TSS_CVPR2016/FG3DCar/225_227/image2.png,TSS_CVPR2016/FG3DCar/225_227/image1.png,1,0,1
TSS_CVPR2016/FG3DCar/225_227/image1.png,TSS_CVPR2016/FG3DCar/225_227/image2.png,2,0,1
TSS_CVPR2016/FG3DCar/232_087/image2.png,TSS_CVPR2016/FG3DCar/232_087/image1.png,1,0,1
TSS_CVPR2016/FG3DCar/232_087/image1.png,TSS_CVPR2016/FG3DCar/232_087/image2.png,2,0,1
TSS_CVPR2016/FG3DCar/232_162/image2.png,TSS_CVPR2016/FG3DCar/232_162/image1.png,1,0,1
TSS_CVPR2016/FG3DCar/232_162/image1.png,TSS_CVPR2016/FG3DCar/232_162/image2.png,2,0,1
TSS_CVPR2016/FG3DCar/232_169/image2.png,TSS_CVPR2016/FG3DCar/232_169/image1.png,1,0,1
TSS_CVPR2016/FG3DCar/232_169/image1.png,TSS_CVPR2016/FG3DCar/232_169/image2.png,2,0,1
TSS_CVPR2016/FG3DCar/232_237/image2.png,TSS_CVPR2016/FG3DCar/232_237/image1.png,1,0,1
TSS_CVPR2016/FG3DCar/232_237/image1.png,TSS_CVPR2016/FG3DCar/232_237/image2.png,2,0,1
TSS_CVPR2016/FG3DCar/239_087/image2.png,TSS_CVPR2016/FG3DCar/239_087/image1.png,1,0,1
TSS_CVPR2016/FG3DCar/239_087/image1.png,TSS_CVPR2016/FG3DCar/239_087/image2.png,2,0,1
TSS_CVPR2016/FG3DCar/239_162/image2.png,TSS_CVPR2016/FG3DCar/239_162/image1.png,1,0,1
TSS_CVPR2016/FG3DCar/239_162/image1.png,TSS_CVPR2016/FG3DCar/239_162/image2.png,2,0,1
TSS_CVPR2016/FG3DCar/239_169/image2.png,TSS_CVPR2016/FG3DCar/239_169/image1.png,1,0,1
TSS_CVPR2016/FG3DCar/239_169/image1.png,TSS_CVPR2016/FG3DCar/239_169/image2.png,2,0,1
TSS_CVPR2016/FG3DCar/255_272/image2.png,TSS_CVPR2016/FG3DCar/255_272/image1.png,1,0,1
TSS_CVPR2016/FG3DCar/255_272/image1.png,TSS_CVPR2016/FG3DCar/255_272/image2.png,2,0,1
TSS_CVPR2016/FG3DCar/256_044/image2.png,TSS_CVPR2016/FG3DCar/256_044/image1.png,1,0,1
TSS_CVPR2016/FG3DCar/256_044/image1.png,TSS_CVPR2016/FG3DCar/256_044/image2.png,2,0,1
TSS_CVPR2016/FG3DCar/256_263/image2.png,TSS_CVPR2016/FG3DCar/256_263/image1.png,1,0,1
TSS_CVPR2016/FG3DCar/256_263/image1.png,TSS_CVPR2016/FG3DCar/256_263/image2.png,2,0,1
TSS_CVPR2016/FG3DCar/256_278/image2.png,TSS_CVPR2016/FG3DCar/256_278/image1.png,1,0,1
TSS_CVPR2016/FG3DCar/256_278/image1.png,TSS_CVPR2016/FG3DCar/256_278/image2.png,2,0,1
TSS_CVPR2016/FG3DCar/256_279/image2.png,TSS_CVPR2016/FG3DCar/256_279/image1.png,1,0,1
TSS_CVPR2016/FG3DCar/256_279/image1.png,TSS_CVPR2016/FG3DCar/256_279/image2.png,2,0,1
TSS_CVPR2016/FG3DCar/257_277/image2.png,TSS_CVPR2016/FG3DCar/257_277/image1.png,1,0,1
TSS_CVPR2016/FG3DCar/257_277/image1.png,TSS_CVPR2016/FG3DCar/257_277/image2.png,2,0,1
TSS_CVPR2016/FG3DCar/260_044/image2.png,TSS_CVPR2016/FG3DCar/260_044/image1.png,1,0,1
TSS_CVPR2016/FG3DCar/260_044/image1.png,TSS_CVPR2016/FG3DCar/260_044/image2.png,2,0,1
TSS_CVPR2016/FG3DCar/261_257/image2.png,TSS_CVPR2016/FG3DCar/261_257/image1.png,1,0,1
TSS_CVPR2016/FG3DCar/261_257/image1.png,TSS_CVPR2016/FG3DCar/261_257/image2.png,2,0,1
TSS_CVPR2016/FG3DCar/261_259/image2.png,TSS_CVPR2016/FG3DCar/261_259/image1.png,1,0,1
TSS_CVPR2016/FG3DCar/261_259/image1.png,TSS_CVPR2016/FG3DCar/261_259/image2.png,2,0,1
TSS_CVPR2016/FG3DCar/262_257/image2.png,TSS_CVPR2016/FG3DCar/262_257/image1.png,1,0,1
TSS_CVPR2016/FG3DCar/262_257/image1.png,TSS_CVPR2016/FG3DCar/262_257/image2.png,2,0,1
TSS_CVPR2016/FG3DCar/262_259/image2.png,TSS_CVPR2016/FG3DCar/262_259/image1.png,1,0,1
TSS_CVPR2016/FG3DCar/262_259/image1.png,TSS_CVPR2016/FG3DCar/262_259/image2.png,2,0,1
TSS_CVPR2016/FG3DCar/262_282/image2.png,TSS_CVPR2016/FG3DCar/262_282/image1.png,1,0,1
TSS_CVPR2016/FG3DCar/262_282/image1.png,TSS_CVPR2016/FG3DCar/262_282/image2.png,2,0,1
TSS_CVPR2016/FG3DCar/263_044/image2.png,TSS_CVPR2016/FG3DCar/263_044/image1.png,1,0,1
TSS_CVPR2016/FG3DCar/263_044/image1.png,TSS_CVPR2016/FG3DCar/263_044/image2.png,2,0,1
TSS_CVPR2016/FG3DCar/263_260/image2.png,TSS_CVPR2016/FG3DCar/263_260/image1.png,1,0,1
TSS_CVPR2016/FG3DCar/263_260/image1.png,TSS_CVPR2016/FG3DCar/263_260/image2.png,2,0,1
TSS_CVPR2016/FG3DCar/272_257/image2.png,TSS_CVPR2016/FG3DCar/272_257/image1.png,1,0,1
TSS_CVPR2016/FG3DCar/272_257/image1.png,TSS_CVPR2016/FG3DCar/272_257/image2.png,2,0,1
TSS_CVPR2016/FG3DCar/272_259/image2.png,TSS_CVPR2016/FG3DCar/272_259/image1.png,1,0,1
TSS_CVPR2016/FG3DCar/272_259/image1.png,TSS_CVPR2016/FG3DCar/272_259/image2.png,2,0,1
TSS_CVPR2016/FG3DCar/272_261/image2.png,TSS_CVPR2016/FG3DCar/272_261/image1.png,1,0,1
TSS_CVPR2016/FG3DCar/272_261/image1.png,TSS_CVPR2016/FG3DCar/272_261/image2.png,2,0,1
TSS_CVPR2016/FG3DCar/272_262/image2.png,TSS_CVPR2016/FG3DCar/272_262/image1.png,1,0,1
TSS_CVPR2016/FG3DCar/272_262/image1.png,TSS_CVPR2016/FG3DCar/272_262/image2.png,2,0,1
TSS_CVPR2016/FG3DCar/277_261/image2.png,TSS_CVPR2016/FG3DCar/277_261/image1.png,1,0,1
TSS_CVPR2016/FG3DCar/277_261/image1.png,TSS_CVPR2016/FG3DCar/277_261/image2.png,2,0,1
TSS_CVPR2016/FG3DCar/278_044/image2.png,TSS_CVPR2016/FG3DCar/278_044/image1.png,1,0,1
TSS_CVPR2016/FG3DCar/278_044/image1.png,TSS_CVPR2016/FG3DCar/278_044/image2.png,2,0,1
TSS_CVPR2016/FG3DCar/278_260/image2.png,TSS_CVPR2016/FG3DCar/278_260/image1.png,1,0,1
TSS_CVPR2016/FG3DCar/278_260/image1.png,TSS_CVPR2016/FG3DCar/278_260/image2.png,2,0,1
TSS_CVPR2016/FG3DCar/278_263/image2.png,TSS_CVPR2016/FG3DCar/278_263/image1.png,1,0,1
TSS_CVPR2016/FG3DCar/278_263/image1.png,TSS_CVPR2016/FG3DCar/278_263/image2.png,2,0,1
TSS_CVPR2016/FG3DCar/279_044/image2.png,TSS_CVPR2016/FG3DCar/279_044/image1.png,1,0,1
TSS_CVPR2016/FG3DCar/279_044/image1.png,TSS_CVPR2016/FG3DCar/279_044/image2.png,2,0,1
TSS_CVPR2016/FG3DCar/279_260/image2.png,TSS_CVPR2016/FG3DCar/279_260/image1.png,1,0,1
TSS_CVPR2016/FG3DCar/279_260/image1.png,TSS_CVPR2016/FG3DCar/279_260/image2.png,2,0,1
TSS_CVPR2016/FG3DCar/279_263/image2.png,TSS_CVPR2016/FG3DCar/279_263/image1.png,1,0,1
TSS_CVPR2016/FG3DCar/279_263/image1.png,TSS_CVPR2016/FG3DCar/279_263/image2.png,2,0,1
TSS_CVPR2016/FG3DCar/281_086/image2.png,TSS_CVPR2016/FG3DCar/281_086/image1.png,1,0,1
TSS_CVPR2016/FG3DCar/281_086/image1.png,TSS_CVPR2016/FG3DCar/281_086/image2.png,2,0,1
TSS_CVPR2016/FG3DCar/281_087/image2.png,TSS_CVPR2016/FG3DCar/281_087/image1.png,1,0,1
TSS_CVPR2016/FG3DCar/281_087/image1.png,TSS_CVPR2016/FG3DCar/281_087/image2.png,2,0,1
TSS_CVPR2016/FG3DCar/281_162/image2.png,TSS_CVPR2016/FG3DCar/281_162/image1.png,1,0,1
TSS_CVPR2016/FG3DCar/281_162/image1.png,TSS_CVPR2016/FG3DCar/281_162/image2.png,2,0,1
TSS_CVPR2016/FG3DCar/281_169/image2.png,TSS_CVPR2016/FG3DCar/281_169/image1.png,1,0,1
TSS_CVPR2016/FG3DCar/281_169/image1.png,TSS_CVPR2016/FG3DCar/281_169/image2.png,2,0,1
TSS_CVPR2016/FG3DCar/281_187/image2.png,TSS_CVPR2016/FG3DCar/281_187/image1.png,1,0,1
TSS_CVPR2016/FG3DCar/281_187/image1.png,TSS_CVPR2016/FG3DCar/281_187/image2.png,2,0,1
TSS_CVPR2016/FG3DCar/281_232/image2.png,TSS_CVPR2016/FG3DCar/281_232/image1.png,1,0,1
TSS_CVPR2016/FG3DCar/281_232/image1.png,TSS_CVPR2016/FG3DCar/281_232/image2.png,2,0,1
TSS_CVPR2016/FG3DCar/281_239/image2.png,TSS_CVPR2016/FG3DCar/281_239/image1.png,1,0,1
TSS_CVPR2016/FG3DCar/281_239/image1.png,TSS_CVPR2016/FG3DCar/281_239/image2.png,2,0,1
TSS_CVPR2016/FG3DCar/281_293/image2.png,TSS_CVPR2016/FG3DCar/281_293/image1.png,1,0,1
TSS_CVPR2016/FG3DCar/281_293/image1.png,TSS_CVPR2016/FG3DCar/281_293/image2.png,2,0,1
TSS_CVPR2016/FG3DCar/281_299/image2.png,TSS_CVPR2016/FG3DCar/281_299/image1.png,1,0,1
TSS_CVPR2016/FG3DCar/281_299/image1.png,TSS_CVPR2016/FG3DCar/281_299/image2.png,2,0,1
TSS_CVPR2016/FG3DCar/282_136/image2.png,TSS_CVPR2016/FG3DCar/282_136/image1.png,1,0,1
TSS_CVPR2016/FG3DCar/282_136/image1.png,TSS_CVPR2016/FG3DCar/282_136/image2.png,2,0,1
TSS_CVPR2016/FG3DCar/282_290/image2.png,TSS_CVPR2016/FG3DCar/282_290/image1.png,1,0,1
TSS_CVPR2016/FG3DCar/282_290/image1.png,TSS_CVPR2016/FG3DCar/282_290/image2.png,2,0,1
TSS_CVPR2016/FG3DCar/285_151/image2.png,TSS_CVPR2016/FG3DCar/285_151/image1.png,1,0,1
TSS_CVPR2016/FG3DCar/285_151/image1.png,TSS_CVPR2016/FG3DCar/285_151/image2.png,2,0,1
TSS_CVPR2016/FG3DCar/285_189/image2.png,TSS_CVPR2016/FG3DCar/285_189/image1.png,1,0,1
TSS_CVPR2016/FG3DCar/285_189/image1.png,TSS_CVPR2016/FG3DCar/285_189/image2.png,2,0,1
TSS_CVPR2016/FG3DCar/286_136/image2.png,TSS_CVPR2016/FG3DCar/286_136/image1.png,1,0,1
TSS_CVPR2016/FG3DCar/286_136/image1.png,TSS_CVPR2016/FG3DCar/286_136/image2.png,2,0,1
TSS_CVPR2016/FG3DCar/286_297/image2.png,TSS_CVPR2016/FG3DCar/286_297/image1.png,1,0,1
TSS_CVPR2016/FG3DCar/286_297/image1.png,TSS_CVPR2016/FG3DCar/286_297/image2.png,2,0,1
TSS_CVPR2016/FG3DCar/288_136/image2.png,TSS_CVPR2016/FG3DCar/288_136/image1.png,1,1,1
TSS_CVPR2016/FG3DCar/288_136/image1.png,TSS_CVPR2016/FG3DCar/288_136/image2.png,2,1,1
TSS_CVPR2016/FG3DCar/288_162/image2.png,TSS_CVPR2016/FG3DCar/288_162/image1.png,1,0,1
TSS_CVPR2016/FG3DCar/288_162/image1.png,TSS_CVPR2016/FG3DCar/288_162/image2.png,2,0,1
TSS_CVPR2016/FG3DCar/288_169/image2.png,TSS_CVPR2016/FG3DCar/288_169/image1.png,1,0,1
TSS_CVPR2016/FG3DCar/288_169/image1.png,TSS_CVPR2016/FG3DCar/288_169/image2.png,2,0,1
TSS_CVPR2016/FG3DCar/288_291/image2.png,TSS_CVPR2016/FG3DCar/288_291/image1.png,1,0,1
TSS_CVPR2016/FG3DCar/288_291/image1.png,TSS_CVPR2016/FG3DCar/288_291/image2.png,2,0,1
TSS_CVPR2016/FG3DCar/290_136/image2.png,TSS_CVPR2016/FG3DCar/290_136/image1.png,1,0,1
TSS_CVPR2016/FG3DCar/290_136/image1.png,TSS_CVPR2016/FG3DCar/290_136/image2.png,2,0,1
TSS_CVPR2016/FG3DCar/293_001/image2.png,TSS_CVPR2016/FG3DCar/293_001/image1.png,1,0,1
TSS_CVPR2016/FG3DCar/293_001/image1.png,TSS_CVPR2016/FG3DCar/293_001/image2.png,2,0,1
TSS_CVPR2016/FG3DCar/293_075/image2.png,TSS_CVPR2016/FG3DCar/293_075/image1.png,1,0,1
TSS_CVPR2016/FG3DCar/293_075/image1.png,TSS_CVPR2016/FG3DCar/293_075/image2.png,2,0,1
TSS_CVPR2016/FG3DCar/293_080/image2.png,TSS_CVPR2016/FG3DCar/293_080/image1.png,1,0,1
TSS_CVPR2016/FG3DCar/293_080/image1.png,TSS_CVPR2016/FG3DCar/293_080/image2.png,2,0,1
TSS_CVPR2016/FG3DCar/293_143/image2.png,TSS_CVPR2016/FG3DCar/293_143/image1.png,1,0,1
TSS_CVPR2016/FG3DCar/293_143/image1.png,TSS_CVPR2016/FG3DCar/293_143/image2.png,2,0,1
TSS_CVPR2016/FG3DCar/293_178/image2.png,TSS_CVPR2016/FG3DCar/293_178/image1.png,1,0,1
TSS_CVPR2016/FG3DCar/293_178/image1.png,TSS_CVPR2016/FG3DCar/293_178/image2.png,2,0,1
TSS_CVPR2016/FG3DCar/293_299/image2.png,TSS_CVPR2016/FG3DCar/293_299/image1.png,1,0,1
TSS_CVPR2016/FG3DCar/293_299/image1.png,TSS_CVPR2016/FG3DCar/293_299/image2.png,2,0,1
TSS_CVPR2016/FG3DCar/297_130/image2.png,TSS_CVPR2016/FG3DCar/297_130/image1.png,1,0,1
TSS_CVPR2016/FG3DCar/297_130/image1.png,TSS_CVPR2016/FG3DCar/297_130/image2.png,2,0,1
TSS_CVPR2016/FG3DCar/297_285/image2.png,TSS_CVPR2016/FG3DCar/297_285/image1.png,1,0,1
TSS_CVPR2016/FG3DCar/297_285/image1.png,TSS_CVPR2016/FG3DCar/297_285/image2.png,2,0,1
TSS_CVPR2016/FG3DCar/300_130/image2.png,TSS_CVPR2016/FG3DCar/300_130/image1.png,1,0,1
TSS_CVPR2016/FG3DCar/300_130/image1.png,TSS_CVPR2016/FG3DCar/300_130/image2.png,2,0,1
TSS_CVPR2016/FG3DCar/300_285/image2.png,TSS_CVPR2016/FG3DCar/300_285/image1.png,1,0,1
TSS_CVPR2016/FG3DCar/300_285/image1.png,TSS_CVPR2016/FG3DCar/300_285/image2.png,2,0,1
TSS_CVPR2016/JODS/car_01_02/image2.png,TSS_CVPR2016/JODS/car_01_02/image1.png,1,0,2
TSS_CVPR2016/JODS/car_01_02/image1.png,TSS_CVPR2016/JODS/car_01_02/image2.png,2,0,2
TSS_CVPR2016/JODS/car_03_04/image2.png,TSS_CVPR2016/JODS/car_03_04/image1.png,1,0,2
TSS_CVPR2016/JODS/car_03_04/image1.png,TSS_CVPR2016/JODS/car_03_04/image2.png,2,0,2
TSS_CVPR2016/JODS/car_05_06/image2.png,TSS_CVPR2016/JODS/car_05_06/image1.png,1,0,2
TSS_CVPR2016/JODS/car_05_06/image1.png,TSS_CVPR2016/JODS/car_05_06/image2.png,2,0,2
TSS_CVPR2016/JODS/horse_01_02/image2.png,TSS_CVPR2016/JODS/horse_01_02/image1.png,1,0,2
TSS_CVPR2016/JODS/horse_01_02/image1.png,TSS_CVPR2016/JODS/horse_01_02/image2.png,2,0,2
TSS_CVPR2016/JODS/horse_02_03/image2.png,TSS_CVPR2016/JODS/horse_02_03/image1.png,1,0,2
TSS_CVPR2016/JODS/horse_02_03/image1.png,TSS_CVPR2016/JODS/horse_02_03/image2.png,2,0,2
TSS_CVPR2016/JODS/horse_02_04/image2.png,TSS_CVPR2016/JODS/horse_02_04/image1.png,1,0,2
TSS_CVPR2016/JODS/horse_02_04/image1.png,TSS_CVPR2016/JODS/horse_02_04/image2.png,2,0,2
TSS_CVPR2016/JODS/horse_03_04/image2.png,TSS_CVPR2016/JODS/horse_03_04/image1.png,1,0,2
TSS_CVPR2016/JODS/horse_03_04/image1.png,TSS_CVPR2016/JODS/horse_03_04/image2.png,2,0,2
TSS_CVPR2016/JODS/horse_05_06/image2.png,TSS_CVPR2016/JODS/horse_05_06/image1.png,1,0,2
TSS_CVPR2016/JODS/horse_05_06/image1.png,TSS_CVPR2016/JODS/horse_05_06/image2.png,2,0,2
TSS_CVPR2016/JODS/horse_07_08/image2.png,TSS_CVPR2016/JODS/horse_07_08/image1.png,1,0,2
TSS_CVPR2016/JODS/horse_07_08/image1.png,TSS_CVPR2016/JODS/horse_07_08/image2.png,2,0,2
TSS_CVPR2016/JODS/horse_07_09/image2.png,TSS_CVPR2016/JODS/horse_07_09/image1.png,1,0,2
TSS_CVPR2016/JODS/horse_07_09/image1.png,TSS_CVPR2016/JODS/horse_07_09/image2.png,2,0,2
TSS_CVPR2016/JODS/horse_08_09/image2.png,TSS_CVPR2016/JODS/horse_08_09/image1.png,1,0,2
TSS_CVPR2016/JODS/horse_08_09/image1.png,TSS_CVPR2016/JODS/horse_08_09/image2.png,2,0,2
TSS_CVPR2016/JODS/horse_10_11/image2.png,TSS_CVPR2016/JODS/horse_10_11/image1.png,1,0,2
TSS_CVPR2016/JODS/horse_10_11/image1.png,TSS_CVPR2016/JODS/horse_10_11/image2.png,2,0,2
TSS_CVPR2016/JODS/horse_10_12/image2.png,TSS_CVPR2016/JODS/horse_10_12/image1.png,1,0,2
TSS_CVPR2016/JODS/horse_10_12/image1.png,TSS_CVPR2016/JODS/horse_10_12/image2.png,2,0,2
TSS_CVPR2016/JODS/horse_11_12/image2.png,TSS_CVPR2016/JODS/horse_11_12/image1.png,1,0,2
TSS_CVPR2016/JODS/horse_11_12/image1.png,TSS_CVPR2016/JODS/horse_11_12/image2.png,2,0,2
TSS_CVPR2016/JODS/horse_13_14/image2.png,TSS_CVPR2016/JODS/horse_13_14/image1.png,1,0,2
TSS_CVPR2016/JODS/horse_13_14/image1.png,TSS_CVPR2016/JODS/horse_13_14/image2.png,2,0,2
TSS_CVPR2016/JODS/horse_13_15/image2.png,TSS_CVPR2016/JODS/horse_13_15/image1.png,1,0,2
TSS_CVPR2016/JODS/horse_13_15/image1.png,TSS_CVPR2016/JODS/horse_13_15/image2.png,2,0,2
TSS_CVPR2016/JODS/horse_14_15/image2.png,TSS_CVPR2016/JODS/horse_14_15/image1.png,1,0,2
TSS_CVPR2016/JODS/horse_14_15/image1.png,TSS_CVPR2016/JODS/horse_14_15/image2.png,2,0,2
TSS_CVPR2016/JODS/horse_16_17/image2.png,TSS_CVPR2016/JODS/horse_16_17/image1.png,1,0,2
TSS_CVPR2016/JODS/horse_16_17/image1.png,TSS_CVPR2016/JODS/horse_16_17/image2.png,2,0,2
TSS_CVPR2016/JODS/horse_16_18/image2.png,TSS_CVPR2016/JODS/horse_16_18/image1.png,1,0,2
TSS_CVPR2016/JODS/horse_16_18/image1.png,TSS_CVPR2016/JODS/horse_16_18/image2.png,2,0,2
TSS_CVPR2016/JODS/horse_17_18/image2.png,TSS_CVPR2016/JODS/horse_17_18/image1.png,1,0,2
TSS_CVPR2016/JODS/horse_17_18/image1.png,TSS_CVPR2016/JODS/horse_17_18/image2.png,2,0,2
TSS_CVPR2016/JODS/plane_01_02/image2.png,TSS_CVPR2016/JODS/plane_01_02/image1.png,1,1,2
TSS_CVPR2016/JODS/plane_01_02/image1.png,TSS_CVPR2016/JODS/plane_01_02/image2.png,2,1,2
TSS_CVPR2016/JODS/plane_01_03/image2.png,TSS_CVPR2016/JODS/plane_01_03/image1.png,1,0,2
TSS_CVPR2016/JODS/plane_01_03/image1.png,TSS_CVPR2016/JODS/plane_01_03/image2.png,2,0,2
TSS_CVPR2016/JODS/plane_01_04/image2.png,TSS_CVPR2016/JODS/plane_01_04/image1.png,1,0,2
TSS_CVPR2016/JODS/plane_01_04/image1.png,TSS_CVPR2016/JODS/plane_01_04/image2.png,2,0,2
TSS_CVPR2016/JODS/plane_01_05/image2.png,TSS_CVPR2016/JODS/plane_01_05/image1.png,1,1,2
TSS_CVPR2016/JODS/plane_01_05/image1.png,TSS_CVPR2016/JODS/plane_01_05/image2.png,2,1,2
TSS_CVPR2016/JODS/plane_01_06/image2.png,TSS_CVPR2016/JODS/plane_01_06/image1.png,1,0,2
TSS_CVPR2016/JODS/plane_01_06/image1.png,TSS_CVPR2016/JODS/plane_01_06/image2.png,2,0,2
TSS_CVPR2016/JODS/plane_01_07/image2.png,TSS_CVPR2016/JODS/plane_01_07/image1.png,1,1,2
TSS_CVPR2016/JODS/plane_01_07/image1.png,TSS_CVPR2016/JODS/plane_01_07/image2.png,2,1,2
TSS_CVPR2016/JODS/plane_02_03/image2.png,TSS_CVPR2016/JODS/plane_02_03/image1.png,1,1,2
TSS_CVPR2016/JODS/plane_02_03/image1.png,TSS_CVPR2016/JODS/plane_02_03/image2.png,2,1,2
TSS_CVPR2016/JODS/plane_02_04/image2.png,TSS_CVPR2016/JODS/plane_02_04/image1.png,1,1,2
TSS_CVPR2016/JODS/plane_02_04/image1.png,TSS_CVPR2016/JODS/plane_02_04/image2.png,2,1,2
TSS_CVPR2016/JODS/plane_02_07/image2.png,TSS_CVPR2016/JODS/plane_02_07/image1.png,1,0,2
TSS_CVPR2016/JODS/plane_02_07/image1.png,TSS_CVPR2016/JODS/plane_02_07/image2.png,2,0,2
TSS_CVPR2016/JODS/plane_03_04/image2.png,TSS_CVPR2016/JODS/plane_03_04/image1.png,1,0,2
TSS_CVPR2016/JODS/plane_03_04/image1.png,TSS_CVPR2016/JODS/plane_03_04/image2.png,2,0,2
TSS_CVPR2016/JODS/plane_04_07/image2.png,TSS_CVPR2016/JODS/plane_04_07/image1.png,1,1,2
TSS_CVPR2016/JODS/plane_04_07/image1.png,TSS_CVPR2016/JODS/plane_04_07/image2.png,2,1,2
TSS_CVPR2016/JODS/plane_05_07/image2.png,TSS_CVPR2016/JODS/plane_05_07/image1.png,1,0,2
TSS_CVPR2016/JODS/plane_05_07/image1.png,TSS_CVPR2016/JODS/plane_05_07/image2.png,2,0,2
TSS_CVPR2016/JODS/plane_08_09/image2.png,TSS_CVPR2016/JODS/plane_08_09/image1.png,1,0,2
TSS_CVPR2016/JODS/plane_08_09/image1.png,TSS_CVPR2016/JODS/plane_08_09/image2.png,2,0,2
TSS_CVPR2016/JODS/plane_08_10/image2.png,TSS_CVPR2016/JODS/plane_08_10/image1.png,1,0,2
TSS_CVPR2016/JODS/plane_08_10/image1.png,TSS_CVPR2016/JODS/plane_08_10/image2.png,2,0,2
TSS_CVPR2016/JODS/plane_08_11/image2.png,TSS_CVPR2016/JODS/plane_08_11/image1.png,1,0,2
TSS_CVPR2016/JODS/plane_08_11/image1.png,TSS_CVPR2016/JODS/plane_08_11/image2.png,2,0,2
TSS_CVPR2016/JODS/plane_08_12/image2.png,TSS_CVPR2016/JODS/plane_08_12/image1.png,1,0,2
TSS_CVPR2016/JODS/plane_08_12/image1.png,TSS_CVPR2016/JODS/plane_08_12/image2.png,2,0,2
TSS_CVPR2016/JODS/plane_09_10/image2.png,TSS_CVPR2016/JODS/plane_09_10/image1.png,1,0,2
TSS_CVPR2016/JODS/plane_09_10/image1.png,TSS_CVPR2016/JODS/plane_09_10/image2.png,2,0,2
TSS_CVPR2016/JODS/plane_09_11/image2.png,TSS_CVPR2016/JODS/plane_09_11/image1.png,1,0,2
TSS_CVPR2016/JODS/plane_09_11/image1.png,TSS_CVPR2016/JODS/plane_09_11/image2.png,2,0,2
TSS_CVPR2016/JODS/plane_09_12/image2.png,TSS_CVPR2016/JODS/plane_09_12/image1.png,1,0,2
TSS_CVPR2016/JODS/plane_09_12/image1.png,TSS_CVPR2016/JODS/plane_09_12/image2.png,2,0,2
TSS_CVPR2016/JODS/plane_10_11/image2.png,TSS_CVPR2016/JODS/plane_10_11/image1.png,1,0,2
TSS_CVPR2016/JODS/plane_10_11/image1.png,TSS_CVPR2016/JODS/plane_10_11/image2.png,2,0,2
TSS_CVPR2016/JODS/plane_10_12/image2.png,TSS_CVPR2016/JODS/plane_10_12/image1.png,1,0,2
TSS_CVPR2016/JODS/plane_10_12/image1.png,TSS_CVPR2016/JODS/plane_10_12/image2.png,2,0,2
TSS_CVPR2016/JODS/plane_11_12/image2.png,TSS_CVPR2016/JODS/plane_11_12/image1.png,1,0,2
TSS_CVPR2016/JODS/plane_11_12/image1.png,TSS_CVPR2016/JODS/plane_11_12/image2.png,2,0,2
TSS_CVPR2016/JODS/plane_13_14/image2.png,TSS_CVPR2016/JODS/plane_13_14/image1.png,1,0,2
TSS_CVPR2016/JODS/plane_13_14/image1.png,TSS_CVPR2016/JODS/plane_13_14/image2.png,2,0,2
TSS_CVPR2016/JODS/plane_13_15/image2.png,TSS_CVPR2016/JODS/plane_13_15/image1.png,1,0,2
TSS_CVPR2016/JODS/plane_13_15/image1.png,TSS_CVPR2016/JODS/plane_13_15/image2.png,2,0,2
TSS_CVPR2016/JODS/plane_14_15/image2.png,TSS_CVPR2016/JODS/plane_14_15/image1.png,1,0,2
TSS_CVPR2016/JODS/plane_14_15/image1.png,TSS_CVPR2016/JODS/plane_14_15/image2.png,2,0,2
TSS_CVPR2016/JODS/plane_16_17/image2.png,TSS_CVPR2016/JODS/plane_16_17/image1.png,1,0,2
TSS_CVPR2016/JODS/plane_16_17/image1.png,TSS_CVPR2016/JODS/plane_16_17/image2.png,2,0,2
TSS_CVPR2016/JODS/plane_18_19/image2.png,TSS_CVPR2016/JODS/plane_18_19/image1.png,1,0,2
TSS_CVPR2016/JODS/plane_18_19/image1.png,TSS_CVPR2016/JODS/plane_18_19/image2.png,2,0,2
TSS_CVPR2016/JODS/plane_20_21/image2.png,TSS_CVPR2016/JODS/plane_20_21/image1.png,1,1,2
TSS_CVPR2016/JODS/plane_20_21/image1.png,TSS_CVPR2016/JODS/plane_20_21/image2.png,2,1,2
TSS_CVPR2016/JODS/plane_22_23/image2.png,TSS_CVPR2016/JODS/plane_22_23/image1.png,1,0,2
TSS_CVPR2016/JODS/plane_22_23/image1.png,TSS_CVPR2016/JODS/plane_22_23/image2.png,2,0,2
TSS_CVPR2016/JODS/plane_24_25/image2.png,TSS_CVPR2016/JODS/plane_24_25/image1.png,1,1,2
TSS_CVPR2016/JODS/plane_24_25/image1.png,TSS_CVPR2016/JODS/plane_24_25/image2.png,2,1,2
TSS_CVPR2016/JODS/plane_26_27/image2.png,TSS_CVPR2016/JODS/plane_26_27/image1.png,1,0,2
TSS_CVPR2016/JODS/plane_26_27/image1.png,TSS_CVPR2016/JODS/plane_26_27/image2.png,2,0,2
TSS_CVPR2016/JODS/plane_28_29/image2.png,TSS_CVPR2016/JODS/plane_28_29/image1.png,1,0,2
TSS_CVPR2016/JODS/plane_28_29/image1.png,TSS_CVPR2016/JODS/plane_28_29/image2.png,2,0,2
TSS_CVPR2016/JODS/plane_30_31/image2.png,TSS_CVPR2016/JODS/plane_30_31/image1.png,1,0,2
TSS_CVPR2016/JODS/plane_30_31/image1.png,TSS_CVPR2016/JODS/plane_30_31/image2.png,2,0,2
TSS_CVPR2016/JODS/plane_30_32/image2.png,TSS_CVPR2016/JODS/plane_30_32/image1.png,1,0,2
TSS_CVPR2016/JODS/plane_30_32/image1.png,TSS_CVPR2016/JODS/plane_30_32/image2.png,2,0,2
TSS_CVPR2016/JODS/plane_30_33/image2.png,TSS_CVPR2016/JODS/plane_30_33/image1.png,1,0,2
TSS_CVPR2016/JODS/plane_30_33/image1.png,TSS_CVPR2016/JODS/plane_30_33/image2.png,2,0,2
TSS_CVPR2016/JODS/plane_31_32/image2.png,TSS_CVPR2016/JODS/plane_31_32/image1.png,1,0,2
TSS_CVPR2016/JODS/plane_31_32/image1.png,TSS_CVPR2016/JODS/plane_31_32/image2.png,2,0,2
TSS_CVPR2016/JODS/plane_31_33/image2.png,TSS_CVPR2016/JODS/plane_31_33/image1.png,1,0,2
TSS_CVPR2016/JODS/plane_31_33/image1.png,TSS_CVPR2016/JODS/plane_31_33/image2.png,2,0,2
TSS_CVPR2016/JODS/plane_32_33/image2.png,TSS_CVPR2016/JODS/plane_32_33/image1.png,1,0,2
TSS_CVPR2016/JODS/plane_32_33/image1.png,TSS_CVPR2016/JODS/plane_32_33/image2.png,2,0,2
TSS_CVPR2016/JODS/plane_35_36/image2.png,TSS_CVPR2016/JODS/plane_35_36/image1.png,1,0,2
TSS_CVPR2016/JODS/plane_35_36/image1.png,TSS_CVPR2016/JODS/plane_35_36/image2.png,2,0,2
TSS_CVPR2016/JODS/plane_35_37/image2.png,TSS_CVPR2016/JODS/plane_35_37/image1.png,1,0,2
TSS_CVPR2016/JODS/plane_35_37/image1.png,TSS_CVPR2016/JODS/plane_35_37/image2.png,2,0,2
TSS_CVPR2016/JODS/plane_35_38/image2.png,TSS_CVPR2016/JODS/plane_35_38/image1.png,1,0,2
TSS_CVPR2016/JODS/plane_35_38/image1.png,TSS_CVPR2016/JODS/plane_35_38/image2.png,2,0,2
TSS_CVPR2016/JODS/plane_35_39/image2.png,TSS_CVPR2016/JODS/plane_35_39/image1.png,1,0,2
TSS_CVPR2016/JODS/plane_35_39/image1.png,TSS_CVPR2016/JODS/plane_35_39/image2.png,2,0,2
TSS_CVPR2016/JODS/plane_35_40/image2.png,TSS_CVPR2016/JODS/plane_35_40/image1.png,1,0,2
TSS_CVPR2016/JODS/plane_35_40/image1.png,TSS_CVPR2016/JODS/plane_35_40/image2.png,2,0,2
TSS_CVPR2016/JODS/plane_36_37/image2.png,TSS_CVPR2016/JODS/plane_36_37/image1.png,1,0,2
TSS_CVPR2016/JODS/plane_36_37/image1.png,TSS_CVPR2016/JODS/plane_36_37/image2.png,2,0,2
TSS_CVPR2016/JODS/plane_36_38/image2.png,TSS_CVPR2016/JODS/plane_36_38/image1.png,1,0,2
TSS_CVPR2016/JODS/plane_36_38/image1.png,TSS_CVPR2016/JODS/plane_36_38/image2.png,2,0,2
TSS_CVPR2016/JODS/plane_36_39/image2.png,TSS_CVPR2016/JODS/plane_36_39/image1.png,1,0,2
TSS_CVPR2016/JODS/plane_36_39/image1.png,TSS_CVPR2016/JODS/plane_36_39/image2.png,2,0,2
TSS_CVPR2016/JODS/plane_36_40/image2.png,TSS_CVPR2016/JODS/plane_36_40/image1.png,1,0,2
TSS_CVPR2016/JODS/plane_36_40/image1.png,TSS_CVPR2016/JODS/plane_36_40/image2.png,2,0,2
TSS_CVPR2016/JODS/plane_37_38/image2.png,TSS_CVPR2016/JODS/plane_37_38/image1.png,1,0,2
TSS_CVPR2016/JODS/plane_37_38/image1.png,TSS_CVPR2016/JODS/plane_37_38/image2.png,2,0,2
TSS_CVPR2016/JODS/plane_37_39/image2.png,TSS_CVPR2016/JODS/plane_37_39/image1.png,1,0,2
TSS_CVPR2016/JODS/plane_37_39/image1.png,TSS_CVPR2016/JODS/plane_37_39/image2.png,2,0,2
TSS_CVPR2016/JODS/plane_37_40/image2.png,TSS_CVPR2016/JODS/plane_37_40/image1.png,1,0,2
TSS_CVPR2016/JODS/plane_37_40/image1.png,TSS_CVPR2016/JODS/plane_37_40/image2.png,2,0,2
TSS_CVPR2016/JODS/plane_38_39/image2.png,TSS_CVPR2016/JODS/plane_38_39/image1.png,1,0,2
TSS_CVPR2016/JODS/plane_38_39/image1.png,TSS_CVPR2016/JODS/plane_38_39/image2.png,2,0,2
TSS_CVPR2016/JODS/plane_38_40/image2.png,TSS_CVPR2016/JODS/plane_38_40/image1.png,1,0,2
TSS_CVPR2016/JODS/plane_38_40/image1.png,TSS_CVPR2016/JODS/plane_38_40/image2.png,2,0,2
TSS_CVPR2016/JODS/plane_39_40/image2.png,TSS_CVPR2016/JODS/plane_39_40/image1.png,1,0,2
TSS_CVPR2016/JODS/plane_39_40/image1.png,TSS_CVPR2016/JODS/plane_39_40/image2.png,2,0,2
TSS_CVPR2016/JODS/suv_01_02/image2.png,TSS_CVPR2016/JODS/suv_01_02/image1.png,1,0,2
TSS_CVPR2016/JODS/suv_01_02/image1.png,TSS_CVPR2016/JODS/suv_01_02/image2.png,2,0,2
TSS_CVPR2016/JODS/suv_01_03/image2.png,TSS_CVPR2016/JODS/suv_01_03/image1.png,1,0,2
TSS_CVPR2016/JODS/suv_01_03/image1.png,TSS_CVPR2016/JODS/suv_01_03/image2.png,2,0,2
TSS_CVPR2016/JODS/suv_02_03/image2.png,TSS_CVPR2016/JODS/suv_02_03/image1.png,1,0,2
TSS_CVPR2016/JODS/suv_02_03/image1.png,TSS_CVPR2016/JODS/suv_02_03/image2.png,2,0,2
TSS_CVPR2016/JODS/suv_04_05/image2.png,TSS_CVPR2016/JODS/suv_04_05/image1.png,1,0,2
TSS_CVPR2016/JODS/suv_04_05/image1.png,TSS_CVPR2016/JODS/suv_04_05/image2.png,2,0,2
TSS_CVPR2016/JODS/suv_07_08/image2.png,TSS_CVPR2016/JODS/suv_07_08/image1.png,1,1,2
TSS_CVPR2016/JODS/suv_07_08/image1.png,TSS_CVPR2016/JODS/suv_07_08/image2.png,2,1,2
TSS_CVPR2016/JODS/suv_09_10/image2.png,TSS_CVPR2016/JODS/suv_09_10/image1.png,1,0,2
TSS_CVPR2016/JODS/suv_09_10/image1.png,TSS_CVPR2016/JODS/suv_09_10/image2.png,2,0,2
TSS_CVPR2016/JODS/suv_09_11/image2.png,TSS_CVPR2016/JODS/suv_09_11/image1.png,1,0,2
TSS_CVPR2016/JODS/suv_09_11/image1.png,TSS_CVPR2016/JODS/suv_09_11/image2.png,2,0,2
TSS_CVPR2016/JODS/suv_10_11/image2.png,TSS_CVPR2016/JODS/suv_10_11/image1.png,1,0,2
TSS_CVPR2016/JODS/suv_10_11/image1.png,TSS_CVPR2016/JODS/suv_10_11/image2.png,2,0,2
TSS_CVPR2016/PASCAL/bike_01_02/image2.png,TSS_CVPR2016/PASCAL/bike_01_02/image1.png,1,0,3
TSS_CVPR2016/PASCAL/bike_01_02/image1.png,TSS_CVPR2016/PASCAL/bike_01_02/image2.png,2,0,3
TSS_CVPR2016/PASCAL/bike_01_03/image2.png,TSS_CVPR2016/PASCAL/bike_01_03/image1.png,1,1,3
TSS_CVPR2016/PASCAL/bike_01_03/image1.png,TSS_CVPR2016/PASCAL/bike_01_03/image2.png,2,1,3
TSS_CVPR2016/PASCAL/bike_01_04/image2.png,TSS_CVPR2016/PASCAL/bike_01_04/image1.png,1,0,3
TSS_CVPR2016/PASCAL/bike_01_04/image1.png,TSS_CVPR2016/PASCAL/bike_01_04/image2.png,2,0,3
TSS_CVPR2016/PASCAL/bike_01_05/image2.png,TSS_CVPR2016/PASCAL/bike_01_05/image1.png,1,0,3
TSS_CVPR2016/PASCAL/bike_01_05/image1.png,TSS_CVPR2016/PASCAL/bike_01_05/image2.png,2,0,3
TSS_CVPR2016/PASCAL/bike_01_06/image2.png,TSS_CVPR2016/PASCAL/bike_01_06/image1.png,1,0,3
TSS_CVPR2016/PASCAL/bike_01_06/image1.png,TSS_CVPR2016/PASCAL/bike_01_06/image2.png,2,0,3
TSS_CVPR2016/PASCAL/bike_01_07/image2.png,TSS_CVPR2016/PASCAL/bike_01_07/image1.png,1,0,3
TSS_CVPR2016/PASCAL/bike_01_07/image1.png,TSS_CVPR2016/PASCAL/bike_01_07/image2.png,2,0,3
TSS_CVPR2016/PASCAL/bike_01_08/image2.png,TSS_CVPR2016/PASCAL/bike_01_08/image1.png,1,0,3
TSS_CVPR2016/PASCAL/bike_01_08/image1.png,TSS_CVPR2016/PASCAL/bike_01_08/image2.png,2,0,3
TSS_CVPR2016/PASCAL/bike_01_09/image2.png,TSS_CVPR2016/PASCAL/bike_01_09/image1.png,1,0,3
TSS_CVPR2016/PASCAL/bike_01_09/image1.png,TSS_CVPR2016/PASCAL/bike_01_09/image2.png,2,0,3
TSS_CVPR2016/PASCAL/bike_02_03/image2.png,TSS_CVPR2016/PASCAL/bike_02_03/image1.png,1,1,3
TSS_CVPR2016/PASCAL/bike_02_03/image1.png,TSS_CVPR2016/PASCAL/bike_02_03/image2.png,2,1,3
TSS_CVPR2016/PASCAL/bike_02_04/image2.png,TSS_CVPR2016/PASCAL/bike_02_04/image1.png,1,0,3
TSS_CVPR2016/PASCAL/bike_02_04/image1.png,TSS_CVPR2016/PASCAL/bike_02_04/image2.png,2,0,3
TSS_CVPR2016/PASCAL/bike_02_05/image2.png,TSS_CVPR2016/PASCAL/bike_02_05/image1.png,1,0,3
TSS_CVPR2016/PASCAL/bike_02_05/image1.png,TSS_CVPR2016/PASCAL/bike_02_05/image2.png,2,0,3
TSS_CVPR2016/PASCAL/bike_02_06/image2.png,TSS_CVPR2016/PASCAL/bike_02_06/image1.png,1,0,3
TSS_CVPR2016/PASCAL/bike_02_06/image1.png,TSS_CVPR2016/PASCAL/bike_02_06/image2.png,2,0,3
TSS_CVPR2016/PASCAL/bike_02_07/image2.png,TSS_CVPR2016/PASCAL/bike_02_07/image1.png,1,0,3
TSS_CVPR2016/PASCAL/bike_02_07/image1.png,TSS_CVPR2016/PASCAL/bike_02_07/image2.png,2,0,3
TSS_CVPR2016/PASCAL/bike_02_08/image2.png,TSS_CVPR2016/PASCAL/bike_02_08/image1.png,1,0,3
TSS_CVPR2016/PASCAL/bike_02_08/image1.png,TSS_CVPR2016/PASCAL/bike_02_08/image2.png,2,0,3
TSS_CVPR2016/PASCAL/bike_02_09/image2.png,TSS_CVPR2016/PASCAL/bike_02_09/image1.png,1,0,3
TSS_CVPR2016/PASCAL/bike_02_09/image1.png,TSS_CVPR2016/PASCAL/bike_02_09/image2.png,2,0,3
TSS_CVPR2016/PASCAL/bike_03_04/image2.png,TSS_CVPR2016/PASCAL/bike_03_04/image1.png,1,1,3
TSS_CVPR2016/PASCAL/bike_03_04/image1.png,TSS_CVPR2016/PASCAL/bike_03_04/image2.png,2,1,3
TSS_CVPR2016/PASCAL/bike_03_05/image2.png,TSS_CVPR2016/PASCAL/bike_03_05/image1.png,1,1,3
TSS_CVPR2016/PASCAL/bike_03_05/image1.png,TSS_CVPR2016/PASCAL/bike_03_05/image2.png,2,1,3
TSS_CVPR2016/PASCAL/bike_03_06/image2.png,TSS_CVPR2016/PASCAL/bike_03_06/image1.png,1,1,3
TSS_CVPR2016/PASCAL/bike_03_06/image1.png,TSS_CVPR2016/PASCAL/bike_03_06/image2.png,2,1,3
TSS_CVPR2016/PASCAL/bike_03_07/image2.png,TSS_CVPR2016/PASCAL/bike_03_07/image1.png,1,1,3
TSS_CVPR2016/PASCAL/bike_03_07/image1.png,TSS_CVPR2016/PASCAL/bike_03_07/image2.png,2,1,3
TSS_CVPR2016/PASCAL/bike_03_08/image2.png,TSS_CVPR2016/PASCAL/bike_03_08/image1.png,1,1,3
TSS_CVPR2016/PASCAL/bike_03_08/image1.png,TSS_CVPR2016/PASCAL/bike_03_08/image2.png,2,1,3
TSS_CVPR2016/PASCAL/bike_03_09/image2.png,TSS_CVPR2016/PASCAL/bike_03_09/image1.png,1,1,3
TSS_CVPR2016/PASCAL/bike_03_09/image1.png,TSS_CVPR2016/PASCAL/bike_03_09/image2.png,2,1,3
TSS_CVPR2016/PASCAL/bike_04_05/image2.png,TSS_CVPR2016/PASCAL/bike_04_05/image1.png,1,0,3
TSS_CVPR2016/PASCAL/bike_04_05/image1.png,TSS_CVPR2016/PASCAL/bike_04_05/image2.png,2,0,3
TSS_CVPR2016/PASCAL/bike_04_06/image2.png,TSS_CVPR2016/PASCAL/bike_04_06/image1.png,1,0,3
TSS_CVPR2016/PASCAL/bike_04_06/image1.png,TSS_CVPR2016/PASCAL/bike_04_06/image2.png,2,0,3
TSS_CVPR2016/PASCAL/bike_04_07/image2.png,TSS_CVPR2016/PASCAL/bike_04_07/image1.png,1,0,3
TSS_CVPR2016/PASCAL/bike_04_07/image1.png,TSS_CVPR2016/PASCAL/bike_04_07/image2.png,2,0,3
TSS_CVPR2016/PASCAL/bike_04_08/image2.png,TSS_CVPR2016/PASCAL/bike_04_08/image1.png,1,0,3
TSS_CVPR2016/PASCAL/bike_04_08/image1.png,TSS_CVPR2016/PASCAL/bike_04_08/image2.png,2,0,3
TSS_CVPR2016/PASCAL/bike_04_09/image2.png,TSS_CVPR2016/PASCAL/bike_04_09/image1.png,1,0,3
TSS_CVPR2016/PASCAL/bike_04_09/image1.png,TSS_CVPR2016/PASCAL/bike_04_09/image2.png,2,0,3
TSS_CVPR2016/PASCAL/bike_05_06/image2.png,TSS_CVPR2016/PASCAL/bike_05_06/image1.png,1,0,3
TSS_CVPR2016/PASCAL/bike_05_06/image1.png,TSS_CVPR2016/PASCAL/bike_05_06/image2.png,2,0,3
TSS_CVPR2016/PASCAL/bike_05_07/image2.png,TSS_CVPR2016/PASCAL/bike_05_07/image1.png,1,0,3
TSS_CVPR2016/PASCAL/bike_05_07/image1.png,TSS_CVPR2016/PASCAL/bike_05_07/image2.png,2,0,3
TSS_CVPR2016/PASCAL/bike_05_08/image2.png,TSS_CVPR2016/PASCAL/bike_05_08/image1.png,1,0,3
TSS_CVPR2016/PASCAL/bike_05_08/image1.png,TSS_CVPR2016/PASCAL/bike_05_08/image2.png,2,0,3
TSS_CVPR2016/PASCAL/bike_05_09/image2.png,TSS_CVPR2016/PASCAL/bike_05_09/image1.png,1,0,3
TSS_CVPR2016/PASCAL/bike_05_09/image1.png,TSS_CVPR2016/PASCAL/bike_05_09/image2.png,2,0,3
TSS_CVPR2016/PASCAL/bike_06_07/image2.png,TSS_CVPR2016/PASCAL/bike_06_07/image1.png,1,0,3
TSS_CVPR2016/PASCAL/bike_06_07/image1.png,TSS_CVPR2016/PASCAL/bike_06_07/image2.png,2,0,3
TSS_CVPR2016/PASCAL/bike_06_08/image2.png,TSS_CVPR2016/PASCAL/bike_06_08/image1.png,1,0,3
TSS_CVPR2016/PASCAL/bike_06_08/image1.png,TSS_CVPR2016/PASCAL/bike_06_08/image2.png,2,0,3
TSS_CVPR2016/PASCAL/bike_06_09/image2.png,TSS_CVPR2016/PASCAL/bike_06_09/image1.png,1,0,3
TSS_CVPR2016/PASCAL/bike_06_09/image1.png,TSS_CVPR2016/PASCAL/bike_06_09/image2.png,2,0,3
TSS_CVPR2016/PASCAL/bike_07_08/image2.png,TSS_CVPR2016/PASCAL/bike_07_08/image1.png,1,0,3
TSS_CVPR2016/PASCAL/bike_07_08/image1.png,TSS_CVPR2016/PASCAL/bike_07_08/image2.png,2,0,3
TSS_CVPR2016/PASCAL/bike_07_09/image2.png,TSS_CVPR2016/PASCAL/bike_07_09/image1.png,1,0,3
TSS_CVPR2016/PASCAL/bike_07_09/image1.png,TSS_CVPR2016/PASCAL/bike_07_09/image2.png,2,0,3
TSS_CVPR2016/PASCAL/bike_08_09/image2.png,TSS_CVPR2016/PASCAL/bike_08_09/image1.png,1,0,3
TSS_CVPR2016/PASCAL/bike_08_09/image1.png,TSS_CVPR2016/PASCAL/bike_08_09/image2.png,2,0,3
TSS_CVPR2016/PASCAL/bike_10_11/image2.png,TSS_CVPR2016/PASCAL/bike_10_11/image1.png,1,0,3
TSS_CVPR2016/PASCAL/bike_10_11/image1.png,TSS_CVPR2016/PASCAL/bike_10_11/image2.png,2,0,3
TSS_CVPR2016/PASCAL/bike_10_12/image2.png,TSS_CVPR2016/PASCAL/bike_10_12/image1.png,1,0,3
TSS_CVPR2016/PASCAL/bike_10_12/image1.png,TSS_CVPR2016/PASCAL/bike_10_12/image2.png,2,0,3
TSS_CVPR2016/PASCAL/bike_11_12/image2.png,TSS_CVPR2016/PASCAL/bike_11_12/image1.png,1,0,3
TSS_CVPR2016/PASCAL/bike_11_12/image1.png,TSS_CVPR2016/PASCAL/bike_11_12/image2.png,2,0,3
TSS_CVPR2016/PASCAL/bus_01_02/image2.png,TSS_CVPR2016/PASCAL/bus_01_02/image1.png,1,1,3
TSS_CVPR2016/PASCAL/bus_01_02/image1.png,TSS_CVPR2016/PASCAL/bus_01_02/image2.png,2,1,3
TSS_CVPR2016/PASCAL/bus_01_03/image2.png,TSS_CVPR2016/PASCAL/bus_01_03/image1.png,1,1,3
TSS_CVPR2016/PASCAL/bus_01_03/image1.png,TSS_CVPR2016/PASCAL/bus_01_03/image2.png,2,1,3
TSS_CVPR2016/PASCAL/bus_01_04/image2.png,TSS_CVPR2016/PASCAL/bus_01_04/image1.png,1,1,3
TSS_CVPR2016/PASCAL/bus_01_04/image1.png,TSS_CVPR2016/PASCAL/bus_01_04/image2.png,2,1,3
TSS_CVPR2016/PASCAL/bus_01_05/image2.png,TSS_CVPR2016/PASCAL/bus_01_05/image1.png,1,0,3
TSS_CVPR2016/PASCAL/bus_01_05/image1.png,TSS_CVPR2016/PASCAL/bus_01_05/image2.png,2,0,3
TSS_CVPR2016/PASCAL/bus_01_06/image2.png,TSS_CVPR2016/PASCAL/bus_01_06/image1.png,1,0,3
TSS_CVPR2016/PASCAL/bus_01_06/image1.png,TSS_CVPR2016/PASCAL/bus_01_06/image2.png,2,0,3
TSS_CVPR2016/PASCAL/bus_01_07/image2.png,TSS_CVPR2016/PASCAL/bus_01_07/image1.png,1,0,3
TSS_CVPR2016/PASCAL/bus_01_07/image1.png,TSS_CVPR2016/PASCAL/bus_01_07/image2.png,2,0,3
TSS_CVPR2016/PASCAL/bus_01_08/image2.png,TSS_CVPR2016/PASCAL/bus_01_08/image1.png,1,1,3
TSS_CVPR2016/PASCAL/bus_01_08/image1.png,TSS_CVPR2016/PASCAL/bus_01_08/image2.png,2,1,3
TSS_CVPR2016/PASCAL/bus_01_09/image2.png,TSS_CVPR2016/PASCAL/bus_01_09/image1.png,1,0,3
TSS_CVPR2016/PASCAL/bus_01_09/image1.png,TSS_CVPR2016/PASCAL/bus_01_09/image2.png,2,0,3
TSS_CVPR2016/PASCAL/bus_02_03/image2.png,TSS_CVPR2016/PASCAL/bus_02_03/image1.png,1,0,3
TSS_CVPR2016/PASCAL/bus_02_03/image1.png,TSS_CVPR2016/PASCAL/bus_02_03/image2.png,2,0,3
TSS_CVPR2016/PASCAL/bus_02_04/image2.png,TSS_CVPR2016/PASCAL/bus_02_04/image1.png,1,0,3
TSS_CVPR2016/PASCAL/bus_02_04/image1.png,TSS_CVPR2016/PASCAL/bus_02_04/image2.png,2,0,3
TSS_CVPR2016/PASCAL/bus_02_05/image2.png,TSS_CVPR2016/PASCAL/bus_02_05/image1.png,1,1,3
TSS_CVPR2016/PASCAL/bus_02_05/image1.png,TSS_CVPR2016/PASCAL/bus_02_05/image2.png,2,1,3
TSS_CVPR2016/PASCAL/bus_02_06/image2.png,TSS_CVPR2016/PASCAL/bus_02_06/image1.png,1,1,3
TSS_CVPR2016/PASCAL/bus_02_06/image1.png,TSS_CVPR2016/PASCAL/bus_02_06/image2.png,2,1,3
TSS_CVPR2016/PASCAL/bus_02_07/image2.png,TSS_CVPR2016/PASCAL/bus_02_07/image1.png,1,1,3
TSS_CVPR2016/PASCAL/bus_02_07/image1.png,TSS_CVPR2016/PASCAL/bus_02_07/image2.png,2,1,3
TSS_CVPR2016/PASCAL/bus_02_08/image2.png,TSS_CVPR2016/PASCAL/bus_02_08/image1.png,1,0,3
TSS_CVPR2016/PASCAL/bus_02_08/image1.png,TSS_CVPR2016/PASCAL/bus_02_08/image2.png,2,0,3
TSS_CVPR2016/PASCAL/bus_02_09/image2.png,TSS_CVPR2016/PASCAL/bus_02_09/image1.png,1,1,3
TSS_CVPR2016/PASCAL/bus_02_09/image1.png,TSS_CVPR2016/PASCAL/bus_02_09/image2.png,2,1,3
TSS_CVPR2016/PASCAL/bus_03_04/image2.png,TSS_CVPR2016/PASCAL/bus_03_04/image1.png,1,0,3
TSS_CVPR2016/PASCAL/bus_03_04/image1.png,TSS_CVPR2016/PASCAL/bus_03_04/image2.png,2,0,3
TSS_CVPR2016/PASCAL/bus_03_05/image2.png,TSS_CVPR2016/PASCAL/bus_03_05/image1.png,1,1,3
TSS_CVPR2016/PASCAL/bus_03_05/image1.png,TSS_CVPR2016/PASCAL/bus_03_05/image2.png,2,1,3
TSS_CVPR2016/PASCAL/bus_03_06/image2.png,TSS_CVPR2016/PASCAL/bus_03_06/image1.png,1,1,3
TSS_CVPR2016/PASCAL/bus_03_06/image1.png,TSS_CVPR2016/PASCAL/bus_03_06/image2.png,2,1,3
TSS_CVPR2016/PASCAL/bus_03_07/image2.png,TSS_CVPR2016/PASCAL/bus_03_07/image1.png,1,1,3
TSS_CVPR2016/PASCAL/bus_03_07/image1.png,TSS_CVPR2016/PASCAL/bus_03_07/image2.png,2,1,3
TSS_CVPR2016/PASCAL/bus_03_08/image2.png,TSS_CVPR2016/PASCAL/bus_03_08/image1.png,1,0,3
TSS_CVPR2016/PASCAL/bus_03_08/image1.png,TSS_CVPR2016/PASCAL/bus_03_08/image2.png,2,0,3
TSS_CVPR2016/PASCAL/bus_03_09/image2.png,TSS_CVPR2016/PASCAL/bus_03_09/image1.png,1,1,3
TSS_CVPR2016/PASCAL/bus_03_09/image1.png,TSS_CVPR2016/PASCAL/bus_03_09/image2.png,2,1,3
TSS_CVPR2016/PASCAL/bus_04_05/image2.png,TSS_CVPR2016/PASCAL/bus_04_05/image1.png,1,1,3
TSS_CVPR2016/PASCAL/bus_04_05/image1.png,TSS_CVPR2016/PASCAL/bus_04_05/image2.png,2,1,3
TSS_CVPR2016/PASCAL/bus_04_06/image2.png,TSS_CVPR2016/PASCAL/bus_04_06/image1.png,1,1,3
TSS_CVPR2016/PASCAL/bus_04_06/image1.png,TSS_CVPR2016/PASCAL/bus_04_06/image2.png,2,1,3
TSS_CVPR2016/PASCAL/bus_04_07/image2.png,TSS_CVPR2016/PASCAL/bus_04_07/image1.png,1,1,3
TSS_CVPR2016/PASCAL/bus_04_07/image1.png,TSS_CVPR2016/PASCAL/bus_04_07/image2.png,2,1,3
TSS_CVPR2016/PASCAL/bus_04_08/image2.png,TSS_CVPR2016/PASCAL/bus_04_08/image1.png,1,0,3
TSS_CVPR2016/PASCAL/bus_04_08/image1.png,TSS_CVPR2016/PASCAL/bus_04_08/image2.png,2,0,3
TSS_CVPR2016/PASCAL/bus_04_09/image2.png,TSS_CVPR2016/PASCAL/bus_04_09/image1.png,1,1,3
TSS_CVPR2016/PASCAL/bus_04_09/image1.png,TSS_CVPR2016/PASCAL/bus_04_09/image2.png,2,1,3
TSS_CVPR2016/PASCAL/bus_05_06/image2.png,TSS_CVPR2016/PASCAL/bus_05_06/image1.png,1,0,3
TSS_CVPR2016/PASCAL/bus_05_06/image1.png,TSS_CVPR2016/PASCAL/bus_05_06/image2.png,2,0,3
TSS_CVPR2016/PASCAL/bus_05_07/image2.png,TSS_CVPR2016/PASCAL/bus_05_07/image1.png,1,0,3
TSS_CVPR2016/PASCAL/bus_05_07/image1.png,TSS_CVPR2016/PASCAL/bus_05_07/image2.png,2,0,3
TSS_CVPR2016/PASCAL/bus_05_08/image2.png,TSS_CVPR2016/PASCAL/bus_05_08/image1.png,1,1,3
TSS_CVPR2016/PASCAL/bus_05_08/image1.png,TSS_CVPR2016/PASCAL/bus_05_08/image2.png,2,1,3
TSS_CVPR2016/PASCAL/bus_05_09/image2.png,TSS_CVPR2016/PASCAL/bus_05_09/image1.png,1,0,3
TSS_CVPR2016/PASCAL/bus_05_09/image1.png,TSS_CVPR2016/PASCAL/bus_05_09/image2.png,2,0,3
TSS_CVPR2016/PASCAL/bus_06_07/image2.png,TSS_CVPR2016/PASCAL/bus_06_07/image1.png,1,0,3
TSS_CVPR2016/PASCAL/bus_06_07/image1.png,TSS_CVPR2016/PASCAL/bus_06_07/image2.png,2,0,3
TSS_CVPR2016/PASCAL/bus_06_08/image2.png,TSS_CVPR2016/PASCAL/bus_06_08/image1.png,1,1,3
TSS_CVPR2016/PASCAL/bus_06_08/image1.png,TSS_CVPR2016/PASCAL/bus_06_08/image2.png,2,1,3
TSS_CVPR2016/PASCAL/bus_06_09/image2.png,TSS_CVPR2016/PASCAL/bus_06_09/image1.png,1,0,3
TSS_CVPR2016/PASCAL/bus_06_09/image1.png,TSS_CVPR2016/PASCAL/bus_06_09/image2.png,2,0,3
TSS_CVPR2016/PASCAL/bus_07_08/image2.png,TSS_CVPR2016/PASCAL/bus_07_08/image1.png,1,1,3
TSS_CVPR2016/PASCAL/bus_07_08/image1.png,TSS_CVPR2016/PASCAL/bus_07_08/image2.png,2,1,3
TSS_CVPR2016/PASCAL/bus_07_09/image2.png,TSS_CVPR2016/PASCAL/bus_07_09/image1.png,1,0,3
TSS_CVPR2016/PASCAL/bus_07_09/image1.png,TSS_CVPR2016/PASCAL/bus_07_09/image2.png,2,0,3
TSS_CVPR2016/PASCAL/bus_08_09/image2.png,TSS_CVPR2016/PASCAL/bus_08_09/image1.png,1,1,3
TSS_CVPR2016/PASCAL/bus_08_09/image1.png,TSS_CVPR2016/PASCAL/bus_08_09/image2.png,2,1,3
TSS_CVPR2016/PASCAL/busd_01_02/image2.png,TSS_CVPR2016/PASCAL/busd_01_02/image1.png,1,1,3
TSS_CVPR2016/PASCAL/busd_01_02/image1.png,TSS_CVPR2016/PASCAL/busd_01_02/image2.png,2,1,3
TSS_CVPR2016/PASCAL/busd_01_03/image2.png,TSS_CVPR2016/PASCAL/busd_01_03/image1.png,1,1,3
TSS_CVPR2016/PASCAL/busd_01_03/image1.png,TSS_CVPR2016/PASCAL/busd_01_03/image2.png,2,1,3
TSS_CVPR2016/PASCAL/busd_01_04/image2.png,TSS_CVPR2016/PASCAL/busd_01_04/image1.png,1,1,3
TSS_CVPR2016/PASCAL/busd_01_04/image1.png,TSS_CVPR2016/PASCAL/busd_01_04/image2.png,2,1,3
TSS_CVPR2016/PASCAL/busd_01_05/image2.png,TSS_CVPR2016/PASCAL/busd_01_05/image1.png,1,0,3
TSS_CVPR2016/PASCAL/busd_01_05/image1.png,TSS_CVPR2016/PASCAL/busd_01_05/image2.png,2,0,3
TSS_CVPR2016/PASCAL/busd_01_06/image2.png,TSS_CVPR2016/PASCAL/busd_01_06/image1.png,1,1,3
TSS_CVPR2016/PASCAL/busd_01_06/image1.png,TSS_CVPR2016/PASCAL/busd_01_06/image2.png,2,1,3
TSS_CVPR2016/PASCAL/busd_01_07/image2.png,TSS_CVPR2016/PASCAL/busd_01_07/image1.png,1,1,3
TSS_CVPR2016/PASCAL/busd_01_07/image1.png,TSS_CVPR2016/PASCAL/busd_01_07/image2.png,2,1,3
TSS_CVPR2016/PASCAL/busd_02_03/image2.png,TSS_CVPR2016/PASCAL/busd_02_03/image1.png,1,0,3
TSS_CVPR2016/PASCAL/busd_02_03/image1.png,TSS_CVPR2016/PASCAL/busd_02_03/image2.png,2,0,3
TSS_CVPR2016/PASCAL/busd_02_04/image2.png,TSS_CVPR2016/PASCAL/busd_02_04/image1.png,1,0,3
TSS_CVPR2016/PASCAL/busd_02_04/image1.png,TSS_CVPR2016/PASCAL/busd_02_04/image2.png,2,0,3
TSS_CVPR2016/PASCAL/busd_02_05/image2.png,TSS_CVPR2016/PASCAL/busd_02_05/image1.png,1,1,3
TSS_CVPR2016/PASCAL/busd_02_05/image1.png,TSS_CVPR2016/PASCAL/busd_02_05/image2.png,2,1,3
TSS_CVPR2016/PASCAL/busd_02_06/image2.png,TSS_CVPR2016/PASCAL/busd_02_06/image1.png,1,0,3
TSS_CVPR2016/PASCAL/busd_02_06/image1.png,TSS_CVPR2016/PASCAL/busd_02_06/image2.png,2,0,3
TSS_CVPR2016/PASCAL/busd_02_07/image2.png,TSS_CVPR2016/PASCAL/busd_02_07/image1.png,1,0,3
TSS_CVPR2016/PASCAL/busd_02_07/image1.png,TSS_CVPR2016/PASCAL/busd_02_07/image2.png,2,0,3
TSS_CVPR2016/PASCAL/busd_03_04/image2.png,TSS_CVPR2016/PASCAL/busd_03_04/image1.png,1,0,3
TSS_CVPR2016/PASCAL/busd_03_04/image1.png,TSS_CVPR2016/PASCAL/busd_03_04/image2.png,2,0,3
TSS_CVPR2016/PASCAL/busd_03_05/image2.png,TSS_CVPR2016/PASCAL/busd_03_05/image1.png,1,1,3
TSS_CVPR2016/PASCAL/busd_03_05/image1.png,TSS_CVPR2016/PASCAL/busd_03_05/image2.png,2,1,3
TSS_CVPR2016/PASCAL/busd_03_06/image2.png,TSS_CVPR2016/PASCAL/busd_03_06/image1.png,1,0,3
TSS_CVPR2016/PASCAL/busd_03_06/image1.png,TSS_CVPR2016/PASCAL/busd_03_06/image2.png,2,0,3
TSS_CVPR2016/PASCAL/busd_03_07/image2.png,TSS_CVPR2016/PASCAL/busd_03_07/image1.png,1,0,3
TSS_CVPR2016/PASCAL/busd_03_07/image1.png,TSS_CVPR2016/PASCAL/busd_03_07/image2.png,2,0,3
TSS_CVPR2016/PASCAL/busd_04_05/image2.png,TSS_CVPR2016/PASCAL/busd_04_05/image1.png,1,1,3
TSS_CVPR2016/PASCAL/busd_04_05/image1.png,TSS_CVPR2016/PASCAL/busd_04_05/image2.png,2,1,3
TSS_CVPR2016/PASCAL/busd_04_06/image2.png,TSS_CVPR2016/PASCAL/busd_04_06/image1.png,1,0,3
TSS_CVPR2016/PASCAL/busd_04_06/image1.png,TSS_CVPR2016/PASCAL/busd_04_06/image2.png,2,0,3
TSS_CVPR2016/PASCAL/busd_04_07/image2.png,TSS_CVPR2016/PASCAL/busd_04_07/image1.png,1,0,3
TSS_CVPR2016/PASCAL/busd_04_07/image1.png,TSS_CVPR2016/PASCAL/busd_04_07/image2.png,2,0,3
TSS_CVPR2016/PASCAL/busd_05_06/image2.png,TSS_CVPR2016/PASCAL/busd_05_06/image1.png,1,1,3
TSS_CVPR2016/PASCAL/busd_05_06/image1.png,TSS_CVPR2016/PASCAL/busd_05_06/image2.png,2,1,3
TSS_CVPR2016/PASCAL/busd_05_07/image2.png,TSS_CVPR2016/PASCAL/busd_05_07/image1.png,1,1,3
TSS_CVPR2016/PASCAL/busd_05_07/image1.png,TSS_CVPR2016/PASCAL/busd_05_07/image2.png,2,1,3
TSS_CVPR2016/PASCAL/busd_06_07/image2.png,TSS_CVPR2016/PASCAL/busd_06_07/image1.png,1,0,3
TSS_CVPR2016/PASCAL/busd_06_07/image1.png,TSS_CVPR2016/PASCAL/busd_06_07/image2.png,2,0,3
TSS_CVPR2016/PASCAL/car_01_02/image2.png,TSS_CVPR2016/PASCAL/car_01_02/image1.png,1,0,3
TSS_CVPR2016/PASCAL/car_01_02/image1.png,TSS_CVPR2016/PASCAL/car_01_02/image2.png,2,0,3
TSS_CVPR2016/PASCAL/car_01_03/image2.png,TSS_CVPR2016/PASCAL/car_01_03/image1.png,1,1,3
TSS_CVPR2016/PASCAL/car_01_03/image1.png,TSS_CVPR2016/PASCAL/car_01_03/image2.png,2,1,3
TSS_CVPR2016/PASCAL/car_01_04/image2.png,TSS_CVPR2016/PASCAL/car_01_04/image1.png,1,1,3
TSS_CVPR2016/PASCAL/car_01_04/image1.png,TSS_CVPR2016/PASCAL/car_01_04/image2.png,2,1,3
TSS_CVPR2016/PASCAL/car_02_03/image2.png,TSS_CVPR2016/PASCAL/car_02_03/image1.png,1,1,3
TSS_CVPR2016/PASCAL/car_02_03/image1.png,TSS_CVPR2016/PASCAL/car_02_03/image2.png,2,1,3
TSS_CVPR2016/PASCAL/car_02_04/image2.png,TSS_CVPR2016/PASCAL/car_02_04/image1.png,1,1,3
TSS_CVPR2016/PASCAL/car_02_04/image1.png,TSS_CVPR2016/PASCAL/car_02_04/image2.png,2,1,3
TSS_CVPR2016/PASCAL/car_03_04/image2.png,TSS_CVPR2016/PASCAL/car_03_04/image1.png,1,0,3
TSS_CVPR2016/PASCAL/car_03_04/image1.png,TSS_CVPR2016/PASCAL/car_03_04/image2.png,2,0,3
TSS_CVPR2016/PASCAL/car_05_06/image2.png,TSS_CVPR2016/PASCAL/car_05_06/image1.png,1,0,3
TSS_CVPR2016/PASCAL/car_05_06/image1.png,TSS_CVPR2016/PASCAL/car_05_06/image2.png,2,0,3
TSS_CVPR2016/PASCAL/motorbike_01_02/image2.png,TSS_CVPR2016/PASCAL/motorbike_01_02/image1.png,1,0,3
TSS_CVPR2016/PASCAL/motorbike_01_02/image1.png,TSS_CVPR2016/PASCAL/motorbike_01_02/image2.png,2,0,3
TSS_CVPR2016/PASCAL/motorbike_01_03/image2.png,TSS_CVPR2016/PASCAL/motorbike_01_03/image1.png,1,0,3
TSS_CVPR2016/PASCAL/motorbike_01_03/image1.png,TSS_CVPR2016/PASCAL/motorbike_01_03/image2.png,2,0,3
TSS_CVPR2016/PASCAL/motorbike_01_04/image2.png,TSS_CVPR2016/PASCAL/motorbike_01_04/image1.png,1,0,3
TSS_CVPR2016/PASCAL/motorbike_01_04/image1.png,TSS_CVPR2016/PASCAL/motorbike_01_04/image2.png,2,0,3
TSS_CVPR2016/PASCAL/motorbike_01_05/image2.png,TSS_CVPR2016/PASCAL/motorbike_01_05/image1.png,1,0,3
TSS_CVPR2016/PASCAL/motorbike_01_05/image1.png,TSS_CVPR2016/PASCAL/motorbike_01_05/image2.png,2,0,3
TSS_CVPR2016/PASCAL/motorbike_02_03/image2.png,TSS_CVPR2016/PASCAL/motorbike_02_03/image1.png,1,0,3
TSS_CVPR2016/PASCAL/motorbike_02_03/image1.png,TSS_CVPR2016/PASCAL/motorbike_02_03/image2.png,2,0,3
TSS_CVPR2016/PASCAL/motorbike_02_04/image2.png,TSS_CVPR2016/PASCAL/motorbike_02_04/image1.png,1,0,3
TSS_CVPR2016/PASCAL/motorbike_02_04/image1.png,TSS_CVPR2016/PASCAL/motorbike_02_04/image2.png,2,0,3
TSS_CVPR2016/PASCAL/motorbike_02_05/image2.png,TSS_CVPR2016/PASCAL/motorbike_02_05/image1.png,1,0,3
TSS_CVPR2016/PASCAL/motorbike_02_05/image1.png,TSS_CVPR2016/PASCAL/motorbike_02_05/image2.png,2,0,3
TSS_CVPR2016/PASCAL/motorbike_03_04/image2.png,TSS_CVPR2016/PASCAL/motorbike_03_04/image1.png,1,0,3
TSS_CVPR2016/PASCAL/motorbike_03_04/image1.png,TSS_CVPR2016/PASCAL/motorbike_03_04/image2.png,2,0,3
TSS_CVPR2016/PASCAL/motorbike_03_05/image2.png,TSS_CVPR2016/PASCAL/motorbike_03_05/image1.png,1,0,3
TSS_CVPR2016/PASCAL/motorbike_03_05/image1.png,TSS_CVPR2016/PASCAL/motorbike_03_05/image2.png,2,0,3
TSS_CVPR2016/PASCAL/motorbike_04_05/image2.png,TSS_CVPR2016/PASCAL/motorbike_04_05/image1.png,1,0,3
TSS_CVPR2016/PASCAL/motorbike_04_05/image1.png,TSS_CVPR2016/PASCAL/motorbike_04_05/image2.png,2,0,3
TSS_CVPR2016/PASCAL/motorbike_05_06/image2.png,TSS_CVPR2016/PASCAL/motorbike_05_06/image1.png,1,0,3
TSS_CVPR2016/PASCAL/motorbike_05_06/image1.png,TSS_CVPR2016/PASCAL/motorbike_05_06/image2.png,2,0,3
TSS_CVPR2016/PASCAL/train_01_02/image2.png,TSS_CVPR2016/PASCAL/train_01_02/image1.png,1,1,3
TSS_CVPR2016/PASCAL/train_01_02/image1.png,TSS_CVPR2016/PASCAL/train_01_02/image2.png,2,1,3
TSS_CVPR2016/PASCAL/train_01_03/image2.png,TSS_CVPR2016/PASCAL/train_01_03/image1.png,1,0,3
TSS_CVPR2016/PASCAL/train_01_03/image1.png,TSS_CVPR2016/PASCAL/train_01_03/image2.png,2,0,3
TSS_CVPR2016/PASCAL/train_01_04/image2.png,TSS_CVPR2016/PASCAL/train_01_04/image1.png,1,0,3
TSS_CVPR2016/PASCAL/train_01_04/image1.png,TSS_CVPR2016/PASCAL/train_01_04/image2.png,2,0,3
TSS_CVPR2016/PASCAL/train_01_05/image2.png,TSS_CVPR2016/PASCAL/train_01_05/image1.png,1,1,3
TSS_CVPR2016/PASCAL/train_01_05/image1.png,TSS_CVPR2016/PASCAL/train_01_05/image2.png,2,1,3
TSS_CVPR2016/PASCAL/train_02_03/image2.png,TSS_CVPR2016/PASCAL/train_02_03/image1.png,1,1,3
TSS_CVPR2016/PASCAL/train_02_03/image1.png,TSS_CVPR2016/PASCAL/train_02_03/image2.png,2,1,3
TSS_CVPR2016/PASCAL/train_02_04/image2.png,TSS_CVPR2016/PASCAL/train_02_04/image1.png,1,1,3
TSS_CVPR2016/PASCAL/train_02_04/image1.png,TSS_CVPR2016/PASCAL/train_02_04/image2.png,2,1,3
TSS_CVPR2016/PASCAL/train_02_05/image2.png,TSS_CVPR2016/PASCAL/train_02_05/image1.png,1,0,3
TSS_CVPR2016/PASCAL/train_02_05/image1.png,TSS_CVPR2016/PASCAL/train_02_05/image2.png,2,0,3
TSS_CVPR2016/PASCAL/train_03_04/image2.png,TSS_CVPR2016/PASCAL/train_03_04/image1.png,1,0,3
TSS_CVPR2016/PASCAL/train_03_04/image1.png,TSS_CVPR2016/PASCAL/train_03_04/image2.png,2,0,3
TSS_CVPR2016/PASCAL/train_03_05/image2.png,TSS_CVPR2016/PASCAL/train_03_05/image1.png,1,1,3
TSS_CVPR2016/PASCAL/train_03_05/image1.png,TSS_CVPR2016/PASCAL/train_03_05/image2.png,2,1,3
TSS_CVPR2016/PASCAL/train_04_05/image2.png,TSS_CVPR2016/PASCAL/train_04_05/image1.png,1,1,3
TSS_CVPR2016/PASCAL/train_04_05/image1.png,TSS_CVPR2016/PASCAL/train_04_05/image2.png,2,1,3
